NOME,name,area_ha,area_km2,seca_rischidro,seca_segali,chuva_segali,segener_acesso,segener_disp,saude_malaria,saude_leishmaniose_visceral,saude_leishmaniose_tegumentar,inudacoes_des_hidro,deslizamento_des_hidro
Arroio do Tigre/RS,LINHA F?O,"6,89639","0,068963344","0,28","0,22","0,19","0,45","0,38","0,64","0,91","0,73","0,4","0,38"
Arroio do Tigre/RS,LINHA F?O,"2,58756","0,025875558","0,28","0,22","0,19","0,45","0,38","0,64","0,91","0,73","0,4","0,38"
Arroio do Tigre/RS,LINHA F?O,"52,1572","0,521569352","0,28","0,22","0,19","0,45","0,38","0,64","0,91","0,73","0,4","0,38"
Arroio do Tigre/RS,LINHA F?O,"16,29781","0,16297693","0,28","0,22","0,19","0,45","0,38","0,64","0,91","0,73","0,4","0,38"
Arroio do Tigre/RS,LINHA F?O,"18,90957","0,120679126","0,28","0,22","0,19","0,45","0,38","0,64","0,91","0,73","0,4","0,38"
Arroio do Tigre/RS,LINHA F?O,"0,47458","0,004745762","0,28","0,22","0,19","0,45","0,38","0,64","0,91","0,73","0,4","0,38"
Arroio do Tigre/RS,LINHA F?O,"5,299","0,052989659","0,28","0,22","0,19","0,45","0,38","0,64","0,91","0,73","0,4","0,38"
Arroio do Tigre/RS,LINHA F?O,"10,6547","0,106546282","0,28","0,22","0,19","0,45","0,38","0,64","0,91","0,73","0,4","0,38"
Arroio do Tigre/RS,LINHA F?O,"0,60734","0,006073336","0,28","0,22","0,19","0,45","0,38","0,64","0,91","0,73","0,4","0,38"
Arroio do Tigre/RS,LINHA F?O,"54,34481","0,481830526","0,28","0,22","0,19","0,45","0,38","0,64","0,91","0,73","0,4","0,38"
Bag?/RS,PALMAS (AREA 1),"750,91453","7,509093367","0,31","0,31","0,07","0,42","0,38","0,29","0,87","0,59","0,57","0,44"
Bag?/RS,PALMAS (AREA 3),"44,44813","0,311641396","0,31","0,31","0,07","0,42","0,38","0,29","0,87","0,59","0,57","0,44"
Bag?/RS,PALMAS (AREA 2),"41,89303","0,418926051","0,31","0,31","0,07","0,42","0,38","0,29","0,87","0,59","0,57","0,44"
Ca?apava do Sul/RS,PICADA DAS VASSOURAS - ?REA 01,"11,95558","0,119555528","0,39","0,26","0,15","0,38","0,38","0,32","0,85","0,5","0,73","0,55"
Ca?apava do Sul/RS,PICADA DAS VASSOURAS - ?REA 02,"25,44974","0,254494935","0,39","0,26","0,15","0,38","0,38","0,32","0,85","0,5","0,73","0,55"
Ca?apava do Sul/RS,PICADA DAS VASSOURAS - ?REA 03,"29,09956","0,290992952","0,39","0,26","0,15","0,38","0,38","0,32","0,85","0,5","0,73","0,55"
Ca?apava do Sul/RS,CAMBARA,"584,34543","0,178223735","0,39","0,26","0,15","0,38","0,38","0,32","0,85","0,5","0,73","0,55"
Cachoeira do Sul/RS,CAMBARA,"584,34543","5,665184837","0,34","0,38",0,"0,4","0,38","0,34","0,75","0,58","0,57","0,39"
Coxilha/RS,ARVINHA,"388,86874","0,757352671","0,3","0,38","0,21","0,32","0,38","0,27","0,62","0,47","0,33","0,22"
Encruzilhada do Sul/RS,QUADRA,"101,85557","1,018548176","0,25","0,16","0,04","0,38","0,38","0,33","0,9","0,66","0,59","0,45"
Esta??o/RS,MORMA?A,"410,31138","0,032046413","0,34","0,41","0,3","0,41","0,38","0,27","0,52","0,38","0,39","0,31"
Jacuizinho/RS,LINHA F?O,"18,90957","0,068387949","0,02","0,35","0,3","0,36","0,38","0,64","0,74","0,52","0,23","0,14"
Jacuizinho/RS,RINCAO DOS CAIXOES,"226,1398","1,958343813","0,02","0,35","0,3","0,36","0,38","0,64","0,74","0,52","0,23","0,14"
Lavras do Sul/RS,PALMAS (AREA 3),"44,44813","0,132836748","0,08","0,34","0,16","0,35","0,38","0,28","0,75",0,"0,58","0,4"
Restinga S?ca/RS,RINCAO DOS MARTIMIANOS,"99,14519","0,991456812","0,27","0,24",0,"0,39","0,38","0,65","0,82","0,64","0,33","0,3"
Restinga S?ca/RS,SAO MIGUEL,"128,50164","1,285013003","0,27","0,24",0,"0,39","0,38","0,65","0,82","0,64","0,33","0,3"
Rio Pardo/RS,RINCAO DOS NEGROS,"572,15698","5,491031713","0,43","0,41",0,"0,4","0,38","0,59","0,81","0,64","0,48","0,39"
Salto do Jacu?/RS,LINHA F?O,"18,90957","0,000027228","0,2","0,38","0,25","0,36","0,38","0,33","0,68","0,51","0,51","0,4"
Salto do Jacu?/RS,LINHA F?O,"54,34481","0,061613906","0,2","0,38","0,25","0,36","0,38","0,33","0,68","0,51","0,51","0,4"
Santa Maria/RS,ARNESTO PENNA,"264,03883","2,640345123","0,53","0,44","0,13","0,56","0,38","0,33","0,93","0,69","0,63","0,67"
Sert?o/RS,ARVINHA,"388,86874","3,131307441","0,39","0,35","0,18","0,33","0,38","0,27","0,32","0,32","0,4","0,3"
Sert?o/RS,MORMA?A,"410,31138","4,071043757","0,39","0,35","0,18","0,33","0,38","0,27","0,32","0,32","0,4","0,3"
Tunas/RS,RINCAO DOS CAIXOES,"226,1398","0,30303654","0,2","0,28","0,23","0,42","0,38","0,3","0,75","0,55","0,3","0,19"
Vera Cruz/RS,RINCAO DOS NEGROS,"572,15698","0,230508429","0,41","0,37","0,01","0,52","0,38","0,6","0,89","0,72","0,22","0,27"
Campo Grande/MS,"TIA EVA - ?REA ""F""","0,36416","0,003641606","0,53","0,63","0,53","0,26","0,35","0,36","0,25",0,"0,26","0,19"
Campo Grande/MS,"TIA EVA - ?REA ""E""","4,52308","0,045230565","0,53","0,63","0,53","0,26","0,35","0,36","0,25",0,"0,26","0,19"
Campo Grande/MS,CH?CARA BURITI,"42,97278","0,429726203","0,53","0,63","0,53","0,26","0,35","0,36","0,25",0,"0,26","0,19"
Campo Grande/MS,"TIA EVA - AREA ""B""","4,46544","0,044654313","0,53","0,63","0,53","0,26","0,35","0,36","0,25",0,"0,26","0,19"
Campo Grande/MS,"TIA EVA - ?REA ""D""","0,99233","0,009923252","0,53","0,63","0,53","0,26","0,35","0,36","0,25",0,"0,26","0,19"
Campo Grande/MS,"TIA EVA - ?REA ""C""","2,12182","0,021218111","0,53","0,63","0,53","0,26","0,35","0,36","0,25",0,"0,26","0,19"
Campo Grande/MS,"TIA EVA - ?REA ""A""","8,97018","0,089701202","0,53","0,63","0,53","0,26","0,35","0,36","0,25",0,"0,26","0,19"
Corguinho/MS,FURNAS DA BOA SORTE,"1412,90923","14,12898333","0,11","0,34","0,34","0,17","0,35","0,44","0,23","0,47","0,1","0,03"
Corguinho/MS,COMUNIDADE FURNAS DA BOA SORTE,"73,307","0,733064737","0,11","0,34","0,34","0,17","0,35","0,44","0,23","0,47","0,1","0,03"
Dourados/MS,DEZIDERIO FELIPE DE OLIVEIRA E PICADINHA,"3537,40858","7,05493936","0,28","0,38","0,15","0,14","0,35","0,73","0,24","0,31","0,29","0,27"
Dourados/MS,PICADINHA,"2631,04456","1,947493705","0,28","0,38","0,15","0,14","0,35","0,73","0,24","0,31","0,29","0,27"
Itapor?/MS,DEZIDERIO FELIPE DE OLIVEIRA E PICADINHA,"3537,40858","28,31881731","0,36","0,15","0,1","0,16","0,35","0,78","0,4","0,5","0,48","0,38"
Itapor?/MS,PICADINHA,"2631,04456","24,36280868","0,36","0,15","0,1","0,16","0,35","0,78","0,4","0,5","0,48","0,38"
Jaraguari/MS,FURNAS DO  DIONISIO,"1017,4864","10,17479113",0,"0,44","0,43","0,15","0,35","0,45","0,26",0,"0,53","0,28"
Maracaju/MS,COLONIA SAO MIGUEL,"420,85136","4,208486439","0,24","0,4","0,09",0,"0,35","0,39","0,21",0,"0,56","0,36"
Nioaque/MS,FAMILIA CARDOSO AREA I,"1,28596","0,012859519","0,18","0,41","0,17","0,17","0,35","0,44","0,24",0,"0,51","0,35"
Nioaque/MS,FAMILIA CARDOSO ?REA II,"20,1962","0,201960629","0,18","0,41","0,17","0,17","0,35","0,44","0,24",0,"0,51","0,35"
Nioaque/MS,FAMILIAS ARAUJO E RIBEIRO,"79,76483","0,797642665","0,18","0,41","0,17","0,17","0,35","0,44","0,24",0,"0,51","0,35"
Rio Brilhante/MS,FAM?LIA JARCEM,"1742,15803","17,42114087","0,26","0,15",0,0,"0,35","0,35","0,17",0,"0,48","0,37"
Rio Brilhante/MS,FAM?LIA JARCEM,"423,90256","4,239096496","0,26","0,15",0,0,"0,35","0,35","0,17",0,"0,48","0,37"
Chapada dos Guimar?es/MT,LAGOINHA DE BAIXO,"2515,46265","25,15443338","0,12","0,42","0,38","0,29","0,35","0,83","0,79","0,76","0,46","0,35"
Nossa Senhora do Livramento/MT,MATA CAVALO,"14757,94875","147,5784295","0,31","0,39","0,29","0,33","0,35","0,41","0,64","0,55","0,75","0,78"
Pocon?/MT,LARANJAL,"1473,60609","14,73595472","0,3","0,53","0,28","0,32","0,35","0,45","0,61",0,"0,68","0,53"
Pocon?/MT,CAMPINA DE PEDRA,"1781,24582","17,81231216","0,3","0,53","0,28","0,32","0,35","0,45","0,61",0,"0,68","0,53"
Mineiros/GO,CEDRO (PARTE 02),"345,59459","3,455920689","0,2","0,19","0,05","0,29","0,35","0,6","0,54","0,53","0,28","0,44"
Mineiros/GO,BURAC?O,"2078,43594","20,78420896","0,2","0,19","0,05","0,29","0,35","0,6","0,54","0,53","0,28","0,44"
Mineiros/GO,CEDRO (PARTE 01),"244,28087","2,442792332","0,2","0,19","0,05","0,29","0,35","0,6","0,54","0,53","0,28","0,44"
Portel?ndia/GO,BURAC?O,"2078,43594","0,322796509","0,17","0,5","0,22","0,28","0,35","0,7","0,62","0,54","0,41","0,34"
Vit?ria da Conquista/BA,BARREIRO DO RIO PARDO,"144,51117","1,445101439","0,51","0,32","0,36","0,45","0,31","0,41","0,94","0,77","0,64","0,72"
Vit?ria da Conquista/BA,VELAME,"1891,55498","18,91541703","0,51","0,32","0,36","0,45","0,31","0,41","0,94","0,77","0,64","0,72"
Almenara/MG,MAROBA DOS TEIXEIRA,"3191,46074","31,73479296","0,48","0,39","0,3","0,31","0,35","0,41","0,75","0,66","0,83","0,74"
Almenara/MG,MUMBUCA,"8236,84583","0,053179693","0,48","0,39","0,3","0,31","0,35","0,41","0,75","0,66","0,83","0,74"
Ara?ua?/MG,LAGOA GRANDE,"4730,01851","1,806281195","0,55","0,45","0,14","0,3","0,35","0,38","0,82","0,65","0,57","0,5"
Belo Horizonte/MG,MANGUEIRAS,"19,55211","0,195519615","0,6","0,61","0,25","0,38","0,35","0,76","0,79","0,56",0,0
Belo Horizonte/MG,LUIZES,"2,29408","0,022940642","0,6","0,61","0,25","0,38","0,35","0,76","0,79","0,56",0,0
Capit?o En?as/MG,SETE LADEIRAS e TERRA DURA,"6498,66498","0,824751136","0,45","0,7","0,32","0,29","0,35","0,67","0,87","0,68","0,59","0,42"
Carlos Chagas/MG,MARQUES,"250,67015","2,50668362","0,42","0,61","0,35","0,27","0,35","0,38","0,19","0,25","0,74","0,75"
Catuti/MG,GURUTUBA,"45586,94477","4,155298358","0,57","0,79","0,24","0,33","0,35","0,63","0,82","0,68","0,41","0,35"
Gameleiras/MG,GURUTUBA,"45586,94477","29,99834673","0,58","0,73","0,19","0,27","0,35","0,57","0,91","0,74","0,36","0,28"
Itacarambi/MG,LAPINHA,"7576,80221","0,042642651","0,42","0,71","0,34","0,28","0,35","0,33","0,8","0,4","0,54","0,34"
Jacinto/MG,MAROBA DOS TEIXEIRA,"3191,46074","0,17959009","0,44","0,36","0,37","0,3","0,35","0,38","0,62","0,52","0,56","0,52"
Ja?ba/MG,GURUTUBA,"45586,94477","60,82604139","0,64","0,8","0,16","0,29","0,35","0,62","0,89","0,69","0,33","0,21"
Jana?ba/MG,SETE LADEIRAS e TERRA DURA,"6498,66498","1,451453731","0,66","0,74","0,31","0,3","0,35","0,59","0,76","0,58","0,48","0,34"
Jana?ba/MG,GURUTUBA,"45586,94477","6,352017468","0,66","0,74","0,31","0,3","0,35","0,59","0,76","0,58","0,48","0,34"
Jenipapo de Minas/MG,LAGOA GRANDE,"4730,01851","31,23941049","0,51","0,41","0,24","0,33","0,35","0,36","0,84","0,68","0,5","0,44"
Jequitinhonha/MG,MUMBUCA,"8236,84583","82,31459496","0,51","0,35","0,22","0,29","0,35","0,39","0,68","0,25","0,78","0,69"
Manga/MG,LAPINHA,"7576,80221","0,678531596","0,49","0,68","0,24","0,3","0,35","0,77","0,79","0,64","0,52","0,37"
Matias Cardoso/MG,LAPINHA,"7576,80221","74,7713003","0,56","0,77","0,27","0,29","0,35","0,65","0,83","0,55","0,51","0,36"
Monte Azul/MG,GURUTUBA,"45586,94477","0,8154531","0,73","0,8","0,28","0,33","0,35","0,7","0,84","0,64","0,46","0,44"
Novo Cruzeiro/MG,LAGOA GRANDE,"4730,01851","14,78753008","0,49","0,38","0,18","0,33","0,35","0,38","0,8","0,59","0,6","0,39"
Pai Pedro/MG,GURUTUBA,"45586,94477","301,3138084","0,56","0,74","0,31","0,31","0,35","0,59","0,76","0,59","0,44","0,39"
Paracatu/MG,MACHADINHO,"2217,05132","22,1703608","0,43","0,38","0,15","0,16","0,35","0,85","0,96","0,77","0,63","0,7"
Paracatu/MG,AMAROS,"960,47376","9,604669036","0,43","0,38","0,15","0,16","0,35","0,85","0,96","0,77","0,63","0,7"
Paracatu/MG,SAO DOMINGOS,"665,70863","6,657038577","0,43","0,38","0,15","0,16","0,35","0,85","0,96","0,77","0,63","0,7"
Porteirinha/MG,GURUTUBA,"45586,94477","52,6975002","0,64","0,64","0,24","0,33","0,35","0,6","0,83","0,64","0,57","0,64"
S?o Jo?o da Ponte/MG,SETE LADEIRAS e TERRA DURA,"6498,66498","61,9712182","0,5","0,62","0,2","0,31","0,35","0,72","0,87","0,74","0,4","0,34"
S?o Jo?o da Ponte/MG,BREJO DE CRIOULOS,"17309,87988","59,70118595","0,5","0,62","0,2","0,31","0,35","0,72","0,87","0,74","0,4","0,34"
Serra do Salitre/MG,FAMILIA TEODORO DE OLIVEIRA E VENTURA,"3864,01504","38,63986697","0,48","0,17","0,19","0,17","0,35","0,65","0,2","0,34","0,37","0,36"
Varzel?ndia/MG,BREJO DE CRIOULOS,"17309,87988","85,45106296","0,66","0,7","0,31","0,34","0,35","0,67","0,83","0,67","0,27","0,28"
Verdel?ndia/MG,SETE LADEIRAS e TERRA DURA,"6498,66498","1,252704707","0,61","0,61","0,06","0,3","0,35","0,63","0,83","0,63","0,51","0,45"
Verdel?ndia/MG,BREJO DE CRIOULOS,"17309,87988","27,94545982","0,61","0,61","0,06","0,3","0,35","0,63","0,83","0,63","0,51","0,45"
Cachoeiro de Itapemirim/ES,MONTE ALEGRE,"1096,9968","10,9698953","0,6","0,5","0,66","0,48","0,35","0,41","0,64","0,63","0,53","0,76"
Concei??o da Barra/ES,LINHARINHO,"3509,6085","35,09583844","0,5","0,17","0,39","0,36","0,35","0,39",0,"0,37","0,74","0,78"
Concei??o da Barra/ES,SAO DOMINGOS,"11763,33936","68,57428034","0,5","0,17","0,39","0,36","0,35","0,39",0,"0,37","0,74","0,78"
Concei??o da Barra/ES,S?0 JORGE,"13081,54564","19,45517063","0,5","0,17","0,39","0,36","0,35","0,39",0,"0,37","0,74","0,78"
Fund?o/ES,SAO PEDRO,"81,8767","0,818760461","0,43","0,27","0,64","0,42","0,35","0,44","0,73","0,65","0,63","0,77"
Fund?o/ES,SAO PEDRO,"167,95585","0,001541468","0,43","0,27","0,64","0,42","0,35","0,44","0,73","0,65","0,63","0,77"
Fund?o/ES,SAO PEDRO,"60,04897","0,052917887","0,43","0,27","0,64","0,42","0,35","0,44","0,73","0,65","0,63","0,77"
Ibira?u/ES,SAO PEDRO,"167,95585","1,58555926","0,44","0,14","0,55","0,39","0,35","0,44","0,66","0,57","0,59","0,72"
Ibira?u/ES,SAO PEDRO,"4,25472","0,042546939","0,44","0,14","0,55","0,39","0,35","0,44","0,66","0,57","0,59","0,72"
Ibira?u/ES,SAO PEDRO,"60,04897","0,547566878","0,44","0,14","0,55","0,39","0,35","0,44","0,66","0,57","0,59","0,72"
Santa Leopoldina/ES,RETIRO,"519,64069","5,196370045","0,41","0,23","0,39","0,34","0,35","0,45","0,79","0,63","0,76","0,85"
Santa Teresa/ES,SAO PEDRO,"167,95585","0,003836014","0,61","0,42","0,51","0,34","0,35","0,41","0,7","0,55","0,36","0,5"
S?o Mateus/ES,SERRARIA E SAO CRISTOVAM,"1220,09182","12,20082984","0,53","0,36","0,45","0,39","0,35","0,43","0,18","0,65","0,45","0,49"
S?o Mateus/ES,SAO DOMINGOS,"11763,33936","49,05827591","0,53","0,36","0,45","0,39","0,35","0,43","0,18","0,65","0,45","0,49"
S?o Mateus/ES,S?0 JORGE,"13081,54564","111,3593443","0,53","0,36","0,45","0,39","0,35","0,43","0,18","0,65","0,45","0,49"
Angra dos Reis/RJ,BRACU?,"272,56834","2,725664575","0,74","0,46","0,42","0,42","0,35","0,42","0,79","0,66","0,54","0,58"
Angra dos Reis/RJ,BRACU?,"0,48706","0,00487054","0,74","0,46","0,42","0,42","0,35","0,42","0,79","0,66","0,54","0,58"
Angra dos Reis/RJ,BRACU?,"7,9284","0,079283401","0,74","0,46","0,42","0,42","0,35","0,42","0,79","0,66","0,54","0,58"
Angra dos Reis/RJ,BRACU?,"2,39425","0,023942373","0,74","0,46","0,42","0,42","0,35","0,42","0,79","0,66","0,54","0,58"
Angra dos Reis/RJ,BRACU?,"0,51177","0,005117709","0,74","0,46","0,42","0,42","0,35","0,42","0,79","0,66","0,54","0,58"
Angra dos Reis/RJ,ALTO DA SERRA (CAMERU),"115,30217","1,10613899","0,74","0,46","0,42","0,42","0,35","0,42","0,79","0,66","0,54","0,58"
Angra dos Reis/RJ,BRACU?,"0,11768","0,001176743","0,74","0,46","0,42","0,42","0,35","0,42","0,79","0,66","0,54","0,58"
Angra dos Reis/RJ,BRACU?,"272,11002","2,721066699","0,74","0,46","0,42","0,42","0,35","0,42","0,79","0,66","0,54","0,58"
Angra dos Reis/RJ,BRACU?,"2,65027","0,026502513","0,74","0,46","0,42","0,42","0,35","0,42","0,79","0,66","0,54","0,58"
Angra dos Reis/RJ,BRACU?,"2,42237","0,024223509","0,74","0,46","0,42","0,42","0,35","0,42","0,79","0,66","0,54","0,58"
Angra dos Reis/RJ,BRACU?,"5,97007","0,059700336","0,74","0,46","0,42","0,42","0,35","0,42","0,79","0,66","0,54","0,58"
Angra dos Reis/RJ,BRACU?,"7,69503","0,076949783","0,74","0,46","0,42","0,42","0,35","0,42","0,79","0,66","0,54","0,58"
Angra dos Reis/RJ,ALTO DA SERRA (FAMILIA LEITE),"212,12216","0,009579665","0,74","0,46","0,42","0,42","0,35","0,42","0,79","0,66","0,54","0,58"
Angra dos Reis/RJ,BRACU?,"0,42867","0,004286686","0,74","0,46","0,42","0,42","0,35","0,42","0,79","0,66","0,54","0,58"
Angra dos Reis/RJ,BRACU?,"42,49752","0,424972159","0,74","0,46","0,42","0,42","0,35","0,42","0,79","0,66","0,54","0,58"
Araruama/RJ,PROD?GIO,"118,84293","1,188419664","0,63","0,67","0,69","0,48","0,35","0,36","0,48","0,66","0,53","0,41"
Arma??o dos B?zios/RJ,RASA,"8,04081","0,056395367","0,59","0,54","0,56","0,4","0,35","0,34","0,56","0,54","0,41","0,39"
Arma??o dos B?zios/RJ,RASA,"9,35312","0,093530393","0,59","0,54","0,56","0,4","0,35","0,34","0,56","0,54","0,41","0,39"
Arma??o dos B?zios/RJ,RASA,"0,51015","0,005101487","0,59","0,54","0,56","0,4","0,35","0,34","0,56","0,54","0,41","0,39"
Arma??o dos B?zios/RJ,RASA,"0,69252","0,006925148","0,59","0,54","0,56","0,4","0,35","0,34","0,56","0,54","0,41","0,39"
Arma??o dos B?zios/RJ,RASA,"29,16084","0,291606297","0,59","0,54","0,56","0,4","0,35","0,34","0,56","0,54","0,41","0,39"
Arma??o dos B?zios/RJ,RASA,"22,12592","0,220178981","0,59","0,54","0,56","0,4","0,35","0,34","0,56","0,54","0,41","0,39"
Arma??o dos B?zios/RJ,RASA,"37,46612","0,374658484","0,59","0,54","0,56","0,4","0,35","0,34","0,56","0,54","0,41","0,39"
Arma??o dos B?zios/RJ,RASA,"1,09645","0,010964438","0,59","0,54","0,56","0,4","0,35","0,34","0,56","0,54","0,41","0,39"
Arma??o dos B?zios/RJ,RASA,"1,11353","0,011135213","0,59","0,54","0,56","0,4","0,35","0,34","0,56","0,54","0,41","0,39"
Cabo Frio/RJ,BOTAFOGO (?REA 8),"5,00286","0,050028268","0,62","0,47","0,56","0,42","0,35","0,39","0,52","0,65","0,57","0,54"
Cabo Frio/RJ,PRETO FORRO,"90,8273","0,908282248","0,62","0,47","0,56","0,42","0,35","0,39","0,52","0,65","0,57","0,54"
Cabo Frio/RJ,RASA,"8,04081","0,078747837","0,62","0,47","0,56","0,42","0,35","0,39","0,52","0,65","0,57","0,54"
Cabo Frio/RJ,RASA,"9,35312","0,000324501","0,62","0,47","0,56","0,42","0,35","0,39","0,52","0,65","0,57","0,54"
Cabo Frio/RJ,BOTAFOGO (?REA 2),"6,14542","0,061453716","0,62","0,47","0,56","0,42","0,35","0,39","0,52","0,65","0,57","0,54"
Cabo Frio/RJ,BOTAFOGO (?REA 7),"2,0755","0,020754812","0,62","0,47","0,56","0,42","0,35","0,39","0,52","0,65","0,57","0,54"
Cabo Frio/RJ,RASA,"0,69252","0,000164856","0,62","0,47","0,56","0,42","0,35","0,39","0,52","0,65","0,57","0,54"
Cabo Frio/RJ,RASA,"22,12592","0,050782092","0,62","0,47","0,56","0,42","0,35","0,39","0,52","0,65","0,57","0,54"
Cabo Frio/RJ,BOTAFOGO (?REA 05),"2,58256","0,025825412","0,62","0,47","0,56","0,42","0,35","0,39","0,52","0,65","0,57","0,54"
Cabo Frio/RJ,BOTAFOGO (?REA 9),"34,60252","0,346024599","0,62","0,47","0,56","0,42","0,35","0,39","0,52","0,65","0,57","0,54"
Cabo Frio/RJ,BOTAFOGO (?REA 3),"30,87329","0,308730329","0,62","0,47","0,56","0,42","0,35","0,39","0,52","0,65","0,57","0,54"
Cabo Frio/RJ,BOTAFOGO (?REA 1),"4,26363","0,04263601","0,62","0,47","0,56","0,42","0,35","0,39","0,52","0,65","0,57","0,54"
Cabo Frio/RJ,RASA,"1,09645","0,010964438","0,62","0,47","0,56","0,42","0,35","0,39","0,52","0,65","0,57","0,54"
Cabo Frio/RJ,CAVEIRA,"220,52624","0,830869961","0,62","0,47","0,56","0,42","0,35","0,39","0,52","0,65","0,57","0,54"
Cabo Frio/RJ,BOTAFOGO (?REA 06),"5,73464","0,057346032","0,62","0,47","0,56","0,42","0,35","0,39","0,52","0,65","0,57","0,54"
Cabo Frio/RJ,BOTAFOGO (?REA 4),"33,8571","0,338567936","0,62","0,47","0,56","0,42","0,35","0,39","0,52","0,65","0,57","0,54"
Itaperuna/RJ,CRUZEIRINHO,"63,12688","0,081031474","0,65","0,43","0,29","0,43","0,35","0,41","0,31","0,48","0,79","0,76"
Mangaratiba/RJ,MARAMBAIA,"42,22522","0,420744137","0,63","0,45","0,27","0,38","0,35","0,39","0,76","0,65","0,55","0,5"
Natividade/RJ,CRUZEIRINHO,"63,12688","0,550232853","0,61","0,51","0,14","0,36","0,35","0,38","0,45","0,43","0,67","0,79"
Paraty/RJ,CABRAL,"513,2539","5,132494899","0,55","0,42","0,3","0,25","0,35","0,39","0,77",0,"0,55","0,44"
Paraty/RJ,CAMPINHO DA INDEPENDENCIA,"298,11289","2,981105858","0,55","0,42","0,3","0,25","0,35","0,39","0,77",0,"0,55","0,44"
Paraty/RJ,CAMBURY,"629,04565","0,034117972","0,55","0,42","0,3","0,25","0,35","0,39","0,77",0,"0,55","0,44"
Paraty/RJ,CAMBURY,"343,96186","0,003637584","0,55","0,42","0,3","0,25","0,35","0,39","0,77",0,"0,55","0,44"
Quatis/RJ,SANTANA,"723,34871","7,233376409","0,41","0,11","0,16","0,35","0,35","0,42","0,85","0,63","0,56","0,61"
Rio Claro/RJ,ALTO DA SERRA (CAMERU),"115,30217","0,372234499","0,32","0,44","0,23","0,31","0,35","0,38","0,44","0,31","0,56","0,46"
Rio Claro/RJ,ALTO DA SERRA (FAMILIA LEITE),"212,12216","1,815025139","0,32","0,44","0,23","0,31","0,35","0,38","0,44","0,31","0,56","0,46"
Rio de Janeiro/RJ,PEDRA DO SAL (TIA AURORA),"0,01761","0,000176107","0,72","0,51","0,16","0,38","0,35","0,38","0,72","0,63","0,67","0,62"
Rio de Janeiro/RJ,PEDRA DO SAL (JOAO DA BAIANA),"0,00843","0,000084341","0,72","0,51","0,16","0,38","0,35","0,38","0,72","0,63","0,67","0,62"
Rio de Janeiro/RJ,PEDRA DO SAL (SACADURA CABRAL),"0,04319","0,00043191","0,72","0,51","0,16","0,38","0,35","0,38","0,72","0,63","0,67","0,62"
Rio de Janeiro/RJ,SACOPA,"0,6404","0,006403925","0,72","0,51","0,16","0,38","0,35","0,38","0,72","0,63","0,67","0,62"
Rio de Janeiro/RJ,PEDRA DO SAL (PRAINHA),"0,24709","0,002470876","0,72","0,51","0,16","0,38","0,35","0,38","0,72","0,63","0,67","0,62"
Rio de Janeiro/RJ,"SERENO, SACADURA, BAR JOAO DA BAHIANA, PRAINHA","0,36146","0,003614528","0,72","0,51","0,16","0,38","0,35","0,38","0,72","0,63","0,67","0,62"
Rio de Janeiro/RJ,PEDRA DO SAL (CAMERINO),"0,03054","0,000305407","0,72","0,51","0,16","0,38","0,35","0,38","0,72","0,63","0,67","0,62"
Rio de Janeiro/RJ,PEDRA DO SAL (TRAVESSA DO SERENO),"0,00654","0,000065396","0,72","0,51","0,16","0,38","0,35","0,38","0,72","0,63","0,67","0,62"
S?o Fid?lis/RJ,SAO BENEDITO,"2950,04067","29,50019338","0,62","0,62","0,53","0,36","0,35","0,41","0,21","0,45","0,83","0,9"
S?o Pedro da Aldeia/RJ,CAVEIRA,"220,52624","1,374370452","0,54","0,61","0,41","0,48","0,35","0,41","0,21","0,61","0,71","0,64"
Valen?a/RJ,SAO JOSE DA SERRA,"476,56889","4,765647187","0,57","0,5","0,42","0,38","0,35","0,4","0,52","0,48","0,69","0,83"
Apia?/SP,MARIA ROSA,"3463,9181","0,109661398","0,1",0,"0,21","0,37","0,35","0,5","0,76","0,53","0,58","0,57"
Barra do Turvo/SP,S?O JO?O,"2654,74163","0,647560624","0,17","0,17","0,3","0,33","0,35","0,36","0,57","0,27","0,55","0,48"
Canan?ia/SP,MANDIRA,"1257,55396","12,57545029","0,25",0,"0,07","0,3","0,35","0,42","0,78",0,"0,61","0,59"
Eldorado/SP,"PEDRO CUBAS (Gleba ""A e  B"")","1919,57765","19,19563999","0,11","0,26","0,28","0,32","0,35","0,43","0,78",0,"0,67","0,7"
Eldorado/SP,PORTO DOS PILOES,"6287,57446","0,251947687","0,11","0,26","0,28","0,32","0,35","0,43","0,78",0,"0,67","0,7"
Eldorado/SP,GALV?O,"2175,28593","3,389428736","0,11","0,26","0,28","0,32","0,35","0,43","0,78",0,"0,67","0,7"
Eldorado/SP,SAO PEDRO,"4687,92616","36,16735001","0,11","0,26","0,28","0,32","0,35","0,43","0,78",0,"0,67","0,7"
Eldorado/SP,PEDRO CUBAS DE CIMA,"6976,4922","69,49004449","0,11","0,26","0,28","0,32","0,35","0,43","0,78",0,"0,67","0,7"
Eldorado/SP,IVAPORUNDUVA,"2713,09932","26,06576144","0,11","0,26","0,28","0,32","0,35","0,43","0,78",0,"0,67","0,7"
Eldorado/SP,"PEDRO CUBAS (gleba ""C"")","207,44996","2,074485557","0,11","0,26","0,28","0,32","0,35","0,43","0,78",0,"0,67","0,7"
Eldorado/SP,"PEDRO CUBAS (gleba ""D"")","1659,07048","16,59059663","0,11","0,26","0,28","0,32","0,35","0,43","0,78",0,"0,67","0,7"
Iguape/SP,S?O MIGUEL DO MORRO SECO,"164,52988","1,413949637","0,17","0,12","0,18","0,29","0,35","0,38","0,7",0,"0,73","0,75"
Iporanga/SP,MARIA ROSA,"3463,9181","34,52927374","0,04","0,02","0,27","0,32","0,35","0,36","0,54",0,"0,45","0,34"
Iporanga/SP,PORTO DOS PILOES,"6287,57446","62,62335002","0,04","0,02","0,27","0,32","0,35","0,36","0,54",0,"0,45","0,34"
Iporanga/SP,GALV?O,"2175,28593","18,36326653","0,04","0,02","0,27","0,32","0,35","0,36","0,54",0,"0,45","0,34"
Iporanga/SP,SAO PEDRO,"4687,92616","10,71158248","0,04","0,02","0,27","0,32","0,35","0,36","0,54",0,"0,45","0,34"
Iporanga/SP,CANGUME,"854,6211","0,090244162","0,04","0,02","0,27","0,32","0,35","0,36","0,54",0,"0,45","0,34"
Iporanga/SP,PEDRO CUBAS DE CIMA,"6976,4922","0,274377102","0,04","0,02","0,27","0,32","0,35","0,36","0,54",0,"0,45","0,34"
Iporanga/SP,JO?O SUR?,"6419,12497","1,343623969","0,04","0,02","0,27","0,32","0,35","0,36","0,54",0,"0,45","0,34"
Iporanga/SP,IVAPORUNDUVA,"2713,09932","1,065039111","0,04","0,02","0,27","0,32","0,35","0,36","0,54",0,"0,45","0,34"
Iporanga/SP,PORTO VELHO,"957,86864","8,214650258","0,04","0,02","0,27","0,32","0,35","0,36","0,54",0,"0,45","0,34"
Iporanga/SP,S?O JO?O,"2654,74163","0,231615121","0,04","0,02","0,27","0,32","0,35","0,36","0,54",0,"0,45","0,34"
Itaoca/SP,CANGUME,"854,6211","8,45590588",0,"0,16","0,42","0,36","0,35","0,35","0,58","0,53","0,34","0,28"
Itaoca/SP,PORTO VELHO,"957,86864","0,719807487",0,"0,16","0,42","0,36","0,35","0,35","0,58","0,53","0,34","0,28"
Itapeva/SP,JA? (Gleba 01),"98,37733","0,983766321","0,29","0,32","0,38","0,4","0,35","0,84","0,88","0,73","0,61","0,51"
Itapeva/SP,JA? (Gleba 02),"67,39058","0,673900999","0,29","0,32","0,38","0,4","0,35","0,84","0,88","0,73","0,61","0,51"
Itapirapu? Paulista/SP,VARZE?O,"7264,02598","0,621681871",0,0,"0,34","0,35","0,35","0,31","0,7","0,62","0,38","0,29"
Itatiba/SP,BROTAS,"12,47583","0,124757426","0,61","0,41","0,3","0,42","0,35","0,36","0,69","0,52","0,29","0,15"
Juqui?/SP,S?O MIGUEL DO MORRO SECO,"164,52988","0,231338394","0,32","0,21","0,23","0,37","0,35","0,67","0,71","0,63","0,49","0,61"
Salto de Pirapora/SP,CAFUND?,"200,18984","2,001884038","0,49","0,36","0,59","0,46","0,35","0,63","0,6","0,54","0,44","0,3"
Ubatuba/SP,CAMBURY,"629,04565","6,256288401","0,59","0,32","0,3","0,5","0,35","0,38","0,7","0,04","0,63","0,7"
Ubatuba/SP,CAMBURY,"343,96186","3,43595986","0,59","0,32","0,3","0,5","0,35","0,38","0,7","0,04","0,63","0,7"
Ubatuba/SP,CA?ANDOCA,"879,40605","8,704283399","0,59","0,32","0,3","0,5","0,35","0,38","0,7","0,04","0,63","0,7"
Abdon Batista/SC,INVERNADA DOS NEGROS,"7959,23204","22,4801385","0,11",0,0,"0,44","0,38","0,24","0,61","0,39",0,0
Balne?rio Cambori?/SC,Territ?rio Quilombola do Morro do Boi,"30,39255","0,303924733","0,44","0,38","0,51","0,6","0,38","0,31","0,83","0,63",0,"0,6"
Monte Carlo/SC,CAMPO DOS POLI,"545,18526","5,451818351","0,18","0,23","0,11","0,54","0,38","0,26","0,03","0,25","0,67","0,6"
Praia Grande/SC,SAO ROQUE,"7332,23832","49,00245698","0,22","0,32","0,5","0,47","0,38","0,28","0,41",0,"0,32","0,26"
Treze de Maio/SC,FAM?LIA THOMAZ,"30,86835","0,308680646","0,34","0,37","0,28","0,49","0,38","0,49","0,7","0,54","0,3","0,21"
Cambar? do Sul/RS,SAO ROQUE,"7332,23832","3,723315772",0,0,"0,4","0,35","0,38","0,34","0,78","0,41","0,32","0,28"
Canoas/RS,CHACARA DAS ROSAS,"0,36258","0,003625746","0,38","0,41","0,18","0,52","0,38","0,33","0,51","0,39","0,67","0,56"
Capivari do Sul/RS,COSTA DA LAGOA,"48,97374","0,48973384","0,18","0,35","0,19","0,34","0,38","0,27","0,11","0,26","0,18","0,13"
Cara?/RS,MORRO ALTO,"4567,40652","0,065952678","0,39","0,46","0,16","0,45","0,38","0,29","0,12",0,0,0
Gravata?/RS,MANOEL BARBOSA,"125,94814","1,259479482","0,29","0,47","0,19","0,55","0,38","0,33","0,81","0,56","0,48","0,6"
Gravata?/RS,ANAST?CIA,"64,17803","0,019651282","0,29","0,47","0,19","0,55","0,38","0,33","0,81","0,56","0,48","0,6"
Mampituba/RS,SAO ROQUE,"7332,23832","18,5422832","0,22","0,31","0,59","0,42","0,38","0,29","0,21",0,"0,26","0,22"
Maquin?/RS,MORRO ALTO,"4567,40652","35,78724106","0,27","0,38","0,45","0,38","0,38","0,67","0,72",0,"0,36","0,38"
Morrinhos do Sul/RS,SAO ROQUE,"7332,23832","0,073147035","0,31","0,4","0,46","0,4","0,38","0,26","0,42","0,16","0,18","0,13"
Mostardas/RS,CASCA,"2389,58531","23,89611626",0,"0,13","0,07","0,37","0,38","0,26","0,22",0,"0,44","0,37"
Os?rio/RS,MORRO ALTO,"4567,40652","9,820513463","0,38","0,39","0,26","0,47","0,38","0,33","0,75","0,47","0,57","0,29"
Palmares do Sul/RS,LIMOEIRO,"719,02127","7,190156112","0,28","0,3","0,01","0,36","0,38","0,29","0,21","0,27","0,17","0,11"
Porto Alegre/RS,"FAM?LIA FID?LIX (GLEBA ""A"")","0,27846","0,00278457","0,3","0,29",0,"0,52","0,38","0,34","0,81","0,61","0,26","0,72"
Porto Alegre/RS,QUILOMBO DOS ALPES,"58,32999","0,583295475","0,3","0,29",0,"0,52","0,38","0,34","0,81","0,61","0,26","0,72"
Porto Alegre/RS,FAM?LIA SILVA,"0,6516","0,006515931","0,3","0,29",0,"0,52","0,38","0,34","0,81","0,61","0,26","0,72"
Porto Alegre/RS,AREAL LUIZ DA GUARANHA,"0,44698","0,004469755","0,3","0,29",0,"0,52","0,38","0,34","0,81","0,61","0,26","0,72"
Porto Alegre/RS,"FAM?LIA FID?LIX (GLEBA ""B"")","0,17409","0,001740851","0,3","0,29",0,"0,52","0,38","0,34","0,81","0,61","0,26","0,72"
S?o Francisco de Paula/RS,SAO ROQUE,"7332,23832","1,955051412",0,0,"0,39","0,35","0,38","0,33","0,79","0,47","0,34","0,43"
Tr?s Forquilhas/RS,SAO ROQUE,"7332,23832","0,025624484","0,04","0,3","0,39","0,39","0,38","0,28","0,3",0,0,0
Viam?o/RS,ANAST?CIA,"64,17803","0,622126706","0,44","0,49","0,2","0,59","0,38","0,32","0,73","0,45","0,71","0,73"
Barro Alto/GO,TOMAS CARDOSO,"1802,72286","15,23471093","0,59","0,49",0,"0,27","0,35","0,82","0,94","0,76","0,32","0,26"
Cidade Ocidental/GO,MESQUITA,"4286,2994","38,86429694","0,7","0,66","0,19","0,56","0,35","0,68","0,63","0,54","0,6","0,62"
Goian?sia/GO,PORTO LEUC?DIO,"1577,85542","0,618661774","0,61","0,51","0,15","0,41","0,35","0,79","0,81","0,67","0,53","0,54"
Santa Isabel/GO,PORTO LEUC?DIO,"1577,85542","5,596209615","0,63","0,46","0,3","0,34","0,35","0,74","0,64","0,66","0,3","0,25"
Santa Rita do Novo Destino/GO,TOMAS CARDOSO,"1802,72286","2,792498594","0,59","0,47","0,13","0,33","0,35","0,65","0,62","0,59","0,29","0,24"
S?o Luiz do Norte/GO,PORTO LEUC?DIO,"1577,85542","10,02657629","0,71","0,44",0,"0,34","0,35","0,71","0,68","0,68","0,4","0,31"
Bras?lia/DF,MESQUITA,"4286,2994","3,998410106","0,75","0,61",0,"0,27","0,35","0,85",1,"0,77","0,46","0,5"
Faro/PA,"ABUI, PARANA DO ABUI, TAPAGEM, SAGRADO CORACAO","79051,68762","2,361837264","0,36","0,35","0,11","0,49","0,35","0,01",0,0,"0,84","0,66"
Faro/PA,ALTO TROMBETAS - ?REA I,"57985,34773","3,523112433","0,36","0,35","0,11","0,49","0,35","0,01",0,0,"0,84","0,66"
Faro/PA,ALTO TROMBETAS II - ?REA II,"93864,93688","1,4454895","0,36","0,35","0,11","0,49","0,35","0,01",0,0,"0,84","0,66"
?bidos/PA,NOSSA SENHORA DA GRA?A,"576,21956","5,762110985","0,45","0,38","0,05","0,49","0,35","0,77","0,13","0,07","0,78","0,83"
?bidos/PA,ARIRAMBA,"12329,85506","123,1408157","0,45","0,38","0,05","0,49","0,35","0,77","0,13","0,07","0,78","0,83"
?bidos/PA,ARAPUCU,"767,56475","7,67557339","0,45","0,38","0,05","0,49","0,35","0,77","0,13","0,07","0,78","0,83"
?bidos/PA,PERUANA,"1945,80855","19,45804907","0,45","0,38","0,05","0,49","0,35","0,77","0,13","0,07","0,78","0,83"
Oriximin?/PA,"ABUI, PARANA DO ABUI, TAPAGEM, SAGRADO CORACAO","79051,68762","788,15354","0,54","0,29",0,"0,47","0,35","0,95","0,76","0,06","0,61","0,72"
Oriximin?/PA,ALTO TROMBETAS II - ?REA I,"95934,77494","959,3413737","0,54","0,29",0,"0,47","0,35","0,95","0,76","0,06","0,61","0,72"
Oriximin?/PA,ARIRAMBA,"12329,85506","0,156162443","0,54","0,29",0,"0,47","0,35","0,95","0,76","0,06","0,61","0,72"
Oriximin?/PA,ALTO TROMBETAS - ?REA II,"103862,90507","1038,625253","0,54","0,29",0,"0,47","0,35","0,95","0,76","0,06","0,61","0,72"
Oriximin?/PA,ALTO TROMBETAS - ?REA I,"57985,34773","576,3257242","0,54","0,29",0,"0,47","0,35","0,95","0,76","0,06","0,61","0,72"
Oriximin?/PA,ALTO TROMBETAS II - ?REA II,"93864,93688","934,1350775","0,54","0,29",0,"0,47","0,35","0,95","0,76","0,06","0,61","0,72"
Oriximin?/PA,BOA VISTA,"1114,1226","11,14113927","0,54","0,29",0,"0,47","0,35","0,95","0,76","0,06","0,61","0,72"
Oriximin?/PA,AGUA FRIA,"549,8552","5,498525212","0,54","0,29",0,"0,47","0,35","0,95","0,76","0,06","0,61","0,72"
Porto de Moz/PA,"GURUPA MIRIM, JOCOJO, FLEXINHA, CARRAZEDO","85151,36139","4,639872509","0,32","0,44","0,18","0,5","0,35","0,96","0,11","0,08","0,92","0,82"
Santar?m/PA,TININGU,"4264,7677","42,64721552","0,3","0,45","0,27","0,52","0,35","0,92","0,72","0,9","0,65","0,66"
Santar?m/PA,ARAPEMA,"3828,50803","38,28481641","0,3","0,45","0,27","0,52","0,35","0,92","0,72","0,9","0,65","0,66"
Santar?m/PA,BOM JARDIM,"2651,8333","26,51814206","0,3","0,45","0,27","0,52","0,35","0,92","0,72","0,9","0,65","0,66"
Santar?m/PA,MURUMURU,"1825,97959","18,25984964","0,3","0,45","0,27","0,52","0,35","0,92","0,72","0,9","0,65","0,66"
Santar?m/PA,SARACURA,"2793,99281","27,93973024","0,3","0,45","0,27","0,52","0,35","0,92","0,72","0,9","0,65","0,66"
Santar?m/PA,MARIA VALENTINA,"10900,08757","109,0003626","0,3","0,45","0,27","0,52","0,35","0,92","0,72","0,9","0,65","0,66"
Terra Santa/PA,ALTO TROMBETAS II - ?REA II,"93864,93688","3,061935873","0,42","0,44","0,2","0,49","0,35","0,83",0,"0,01","0,65","0,57"
Abaetetuba/PA,SAMAUBA,"212,85671","2,128536275","0,23","0,27","0,53","0,68","0,35","0,95","0,86","0,77","0,78","0,48"
Abaetetuba/PA,RAMAL DO PIRATUBA,"959,13677","9,591285981","0,23","0,27","0,53","0,68","0,35","0,95","0,86","0,77","0,78","0,48"
Abaetetuba/PA,"ALTO ITACURUCA, BAIXO ITACURUCA, BOM REMEDIO","9698,2677","96,98175807","0,23","0,27","0,53","0,68","0,35","0,95","0,86","0,77","0,78","0,48"
Abaetetuba/PA,MOJU-MIRI,"881,47684","0,612228507","0,23","0,27","0,53","0,68","0,35","0,95","0,86","0,77","0,78","0,48"
Abaetetuba/PA,LARANJITUBA E AFRICA,"1107,13223","9,84652319","0,23","0,27","0,53","0,68","0,35","0,95","0,86","0,77","0,78","0,48"
Acar?/PA,SAO SEBASTIAO,"951,78621","0,068108453",0,0,"0,24","0,52","0,35","0,99","0,92","0,86","0,91","0,86"
Acar?/PA,SANTA MARIA DO TRAQUATEUA,"835,37163","0,011428631",0,0,"0,24","0,52","0,35","0,99","0,92","0,86","0,91","0,86"
Acar?/PA,ITACUA MIRI,"967,71872","9,430550156",0,0,"0,24","0,52","0,35","0,99","0,92","0,86","0,91","0,86"
Acar?/PA,CARANANDUBA,"647,97113","6,479627325",0,0,"0,24","0,52","0,35","0,99","0,92","0,86","0,91","0,86"
Acar?/PA,SANTA QUITERIA E ITACOAZINHO,"645,81803","6,458129249",0,0,"0,24","0,52","0,35","0,99","0,92","0,86","0,91","0,86"
Acar?/PA,JACUNDAY,"1711,94755","6,93811091",0,0,"0,24","0,52","0,35","0,99","0,92","0,86","0,91","0,86"
Acar?/PA,GUAJARA MIRI,"992,45492","9,924484275",0,0,"0,24","0,52","0,35","0,99","0,92","0,86","0,91","0,86"
Acar?/PA,NOSSA SENHORA DA CONCEICAO,"2398,15036","2,754142896",0,0,"0,24","0,52","0,35","0,99","0,92","0,86","0,91","0,86"
Ananindeua/PA,ABACATAL-AURA,"569,67512","5,121993979","0,29","0,36","0,72","0,7","0,35","0,98","0,83","0,86",1,"0,83"
Bagre/PA,"IGARAPE PRETO, BAIXINHA, PANPELONIA, TEOFILO","24830,08621","14,02941173","0,22","0,16","0,26","0,51","0,35","0,64","0,17","0,09","0,97","0,76"
Bai?o/PA,SANTA FE E SANTO ANTONIO,"857,27001","8,572656184","0,02","0,47","0,45","0,52","0,35","0,99","0,88","0,83","0,67","0,51"
Bai?o/PA,"BAILIQUE BEIRA, BAILINQUE CENTRO, POCAO","9664,53072","10,16721652","0,02","0,47","0,45","0,52","0,35","0,99","0,88","0,83","0,67","0,51"
Bai?o/PA,SAO JOSE DE ICATU,"1802,81945","18,0279292","0,02","0,47","0,45","0,52","0,35","0,99","0,88","0,83","0,67","0,51"
Bai?o/PA,TAMBAI-ACU,"1824,87325","18,07559647","0,02","0,47","0,45","0,52","0,35","0,99","0,88","0,83","0,67","0,51"
Bai?o/PA,"IGARAPE PRETO, BAIXINHA, PANPELONIA, TEOFILO","24830,08621","33,96424839","0,02","0,47","0,45","0,52","0,35","0,99","0,88","0,83","0,67","0,51"
Bel?m/PA,ITACUA MIRI,"967,71872","0,246433843","0,23","0,21","0,46","0,69","0,35","0,5","0,18","0,49","0,74","0,74"
Bragan?a/PA,TIPITINGA,"633,2401","0,753449615","0,28","0,28","0,46","0,62","0,35","0,81","0,69","0,72","0,72","0,72"
Brejo Grande do Araguaia/PA,ILHA DE S?O VICENTE,"2497,89397","13,83518285","0,12","0,47","0,45","0,5","0,35","0,35","0,46","0,61","0,51","0,39"
Bujaru/PA,ARQUIMEC,"5791,42477","1,951019506",0,0,"0,46","0,56","0,35","0,99","0,94","0,89","0,74","0,66"
Bujaru/PA,S?O JUDAS TADEU,"1999,85789","19,50050343",0,0,"0,46","0,56","0,35","0,99","0,94","0,89","0,74","0,66"
Cachoeira do Piri?/PA,ITAMAOARI,"5352,87139","53,49269357",0,0,"0,41","0,54","0,35","0,88","0,66","0,72","0,47","0,3"
Cachoeira do Piri?/PA,CAMIRANGA,"330,18138","3,297369082",0,0,"0,41","0,54","0,35","0,88","0,66","0,72","0,47","0,3"
Cachoeira do Piri?/PA,BELA AURORA,"2421,47329","24,20648528",0,0,"0,41","0,54","0,35","0,88","0,66","0,72","0,47","0,3"
Cachoeira do Arari/PA,GURUPA,"10177,25784","101,6039206","0,27","0,12","0,31","0,51","0,35","0,51","0,19","0,04","0,6","0,54"
Cachoeira do Arari/PA,ROS?RIO,"3834,09937","0,608840002","0,27","0,12","0,31","0,51","0,35","0,51","0,19","0,04","0,6","0,54"
Camet?/PA,"TOMAZIA, TACHIZAL, ITAPOCU, MOLA, BONFIM, FRADE","11956,41288","110,3238442","0,19","0,15","0,27","0,6","0,35","0,99","0,87","0,87","0,89","0,71"
Camet?/PA,PORTO ALEGRE,"2833,23014","26,83929431","0,19","0,15","0,27","0,6","0,35","0,99","0,87","0,87","0,89","0,71"
Camet?/PA,"PORTO GRANDE, MANGABEIRA, SAO BENEDITO DE VISEU","17120,19938","57,1509472","0,19","0,15","0,27","0,6","0,35","0,99","0,87","0,87","0,89","0,71"
Camet?/PA,MATIAS,"1447,49896","14,47465217","0,19","0,15","0,27","0,6","0,35","0,99","0,87","0,87","0,89","0,71"
Camet?/PA,"IGARAPE PRETO, BAIXINHA, PANPELONIA, TEOFILO","24830,08621","0,063030463","0,19","0,15","0,27","0,6","0,35","0,99","0,87","0,87","0,89","0,71"
Capit?o Po?o/PA,S?o Miguel Arcanjo de Nova Ludiceia 1,"4153,43912","0,375452936",0,0,"0,39","0,54","0,35","0,86","0,92","0,9","0,65","0,63"
Capit?o Po?o/PA,MURUTEUAZINHO,"627,97688","0,004070191",0,0,"0,39","0,54","0,35","0,86","0,92","0,9","0,65","0,63"
Capit?o Po?o/PA,NARCISA,"618,70565","3,288894334",0,0,"0,39","0,54","0,35","0,86","0,92","0,9","0,65","0,63"
Capit?o Po?o/PA,JACAREQUARA,"1165,76214","0,760065619",0,0,"0,39","0,54","0,35","0,86","0,92","0,9","0,65","0,63"
Capit?o Po?o/PA,MOCAMBO,"657,31615","0,009640836",0,0,"0,39","0,54","0,35","0,86","0,92","0,9","0,65","0,63"
Colares/PA,CACAU E OVOS,"3566,23119","35,47409478","0,09","0,28","0,47","0,57","0,35","0,34","0,63","0,67","0,43","0,3"
Conc?rdia do Par?/PA,ARQUIMEC,"5791,42477","55,96277127",0,0,"0,26","0,6","0,35","0,94","0,91","0,94","0,73","0,53"
Conc?rdia do Par?/PA,S?O JUDAS TADEU,"1999,85789","0,497908132",0,0,"0,26","0,6","0,35","0,94","0,91","0,94","0,73","0,53"
Igarap?-A?u/PA,NOSSA SENHORA  DO LIVRAMENTO,"65,79562","0,631836638","0,13","0,1","0,48","0,61","0,35","0,48","0,82","0,82","0,62","0,58"
Inhangapi/PA,ITABOCA QUATRO BOCAS E CACOAL,"445,91875","4,459154866",0,0,"0,39","0,55","0,35","0,51","0,81","0,82","0,48","0,4"
Irituia/PA,SANTA RITA DE BARREIRAS,"318,74655","0,002105855",0,0,"0,43","0,55","0,35","0,51","0,9","0,91","0,76","0,62"
Irituia/PA,S?o Miguel Arcanjo de Nova Ludiceia 1,"4153,43912","40,91912805",0,0,"0,43","0,55","0,35","0,51","0,9","0,91","0,76","0,62"
Irituia/PA,S?o Miguel Arcanjo de Nova Ludiceia 2,"178,69941","1,674027897",0,0,"0,43","0,55","0,35","0,51","0,9","0,91","0,76","0,62"
Marituba/PA,ABACATAL-AURA,"569,67512","0,574216954","0,21","0,32","0,55","0,71","0,35","0,85","0,82","0,86","0,87","0,7"
Mocajuba/PA,"TOMAZIA, TACHIZAL, ITAPOCU, MOLA, BONFIM, FRADE","11956,41288","9,237427184","0,07","0,17","0,4","0,58","0,35","0,87","0,77","0,82","0,91","0,76"
Mocajuba/PA,"PORTO GRANDE, MANGABEIRA, SAO BENEDITO DE VISEU","17120,19938","114,0549996","0,07","0,17","0,4","0,58","0,35","0,87","0,77","0,82","0,91","0,76"
Mocajuba/PA,TAMBAI-ACU,"1824,87325","0,172908871","0,07","0,17","0,4","0,58","0,35","0,87","0,77","0,82","0,91","0,76"
Mocajuba/PA,"IGARAPE PRETO, BAIXINHA, PANPELONIA, TEOFILO","24830,08621","28,27612076","0,07","0,17","0,4","0,58","0,35","0,87","0,77","0,82","0,91","0,76"
Moju/PA,SAO SEBASTIAO,"951,78621","9,449724907",0,"0,27","0,37","0,51","0,35","0,94","0,6","0,71","0,7","0,53"
Moju/PA,SANTA MARIA DO TRAQUATEUA,"835,37163","8,342232724",0,"0,27","0,37","0,51","0,35","0,94","0,6","0,71","0,7","0,53"
Moju/PA,SANTO CRISTO,"1769,79283","17,69779096",0,"0,27","0,37","0,51","0,35","0,94","0,6","0,71","0,7","0,53"
Moju/PA,SANTA MARIA DO MIRINDEUA,"1815,98944","18,1597526",0,"0,27","0,37","0,51","0,35","0,94","0,6","0,71","0,7","0,53"
Moju/PA,JACUNDAY,"1711,94755","10,18126566",0,"0,27","0,37","0,51","0,35","0,94","0,6","0,71","0,7","0,53"
Moju/PA,SANTA LUZIA DO TRACUATEUA,"341,95738","3,4195402",0,"0,27","0,37","0,51","0,35","0,94","0,6","0,71","0,7","0,53"
Moju/PA,SANTANA  AXE DO BAIXO JAMBUACU,"1549,4743","15,49473811",0,"0,27","0,37","0,51","0,35","0,94","0,6","0,71","0,7","0,53"
Moju/PA,RIBEIRA DO JAMBU-ACU,"1309,91651","13,0990991",0,"0,27","0,37","0,51","0,35","0,94","0,6","0,71","0,7","0,53"
Moju/PA,"CENTRO OURO, NOSSA SENHORA DAS GRACAS","5297,80461","52,97759871",0,"0,27","0,37","0,51","0,35","0,94","0,6","0,71","0,7","0,53"
Moju/PA,NOSSA SENHORA DA CONCEICAO,"2398,15036","21,40890426",0,"0,27","0,37","0,51","0,35","0,94","0,6","0,71","0,7","0,53"
Moju/PA,MOJU-MIRI,"881,47684","8,202545608",0,"0,27","0,37","0,51","0,35","0,94","0,6","0,71","0,7","0,53"
Moju/PA,LARANJITUBA E AFRICA,"1107,13223","1,224689051",0,"0,27","0,37","0,51","0,35","0,94","0,6","0,71","0,7","0,53"
Moju/PA,SAO MANOEL-PA,"1289,46884","12,89463504",0,"0,27","0,37","0,51","0,35","0,94","0,6","0,71","0,7","0,53"
Nova Timboteua/PA,NOSSA SENHORA  DO LIVRAMENTO,"65,79562","0,026115661",0,"0,01","0,45","0,57","0,35","0,5","0,8","0,86","0,51","0,49"
Oeiras do Par?/PA,PORTO ALEGRE,"2833,23014","1,492854941","0,07","0,16","0,31","0,51","0,35","0,51","0,19","0,09","0,78","0,57"
Oeiras do Par?/PA,"BAILIQUE BEIRA, BAILINQUE CENTRO, POCAO","9664,53072","85,52515762","0,07","0,16","0,31","0,51","0,35","0,51","0,19","0,09","0,78","0,57"
Oeiras do Par?/PA,"IGARAPE PRETO, BAIXINHA, PANPELONIA, TEOFILO","24830,08621","171,6899019","0,07","0,16","0,31","0,51","0,35","0,51","0,19","0,09","0,78","0,57"
Our?m/PA,MOCAMBO,"657,31615","6,563157451",0,0,"0,43","0,57","0,35","0,51","0,75","0,76","0,56","0,6"
Ponta de Pedras/PA,GURUPA,"10177,25784","0,168985908","0,33","0,23","0,38","0,52","0,35","0,97","0,83","0,05","0,91","0,59"
Salvaterra/PA,BACABAL,"515,05377","5,150505878","0,15","0,15","0,38","0,56","0,35","0,89","0,68","0,63","0,46","0,38"
Salvaterra/PA,SANTA LUZIA,"522,22608","5,222212104","0,15","0,15","0,38","0,56","0,35","0,89","0,68","0,63","0,46","0,38"
Salvaterra/PA,ROS?RIO,"3834,09937","37,73229861","0,15","0,15","0,38","0,56","0,35","0,89","0,68","0,63","0,46","0,38"
Santa Izabel do Par?/PA,MACAPAZINHO,"93,04501","0,930443772","0,14","0,14","0,46","0,68","0,35","0,95","0,84","0,86","0,74","0,49"
Santa Luzia do Par?/PA,TIPITINGA,"633,2401","5,785796767",0,0,"0,4","0,54","0,35","0,36","0,61","0,68","0,66","0,65"
Santa Luzia do Par?/PA,MURUTEUAZINHO,"627,97688","6,275661763",0,0,"0,4","0,54","0,35","0,36","0,61","0,68","0,66","0,65"
Santa Luzia do Par?/PA,NARCISA,"618,70565","2,898171491",0,0,"0,4","0,54","0,35","0,36","0,61","0,68","0,66","0,65"
Santa Luzia do Par?/PA,JACAREQUARA,"1165,76214","10,89757442",0,0,"0,4","0,54","0,35","0,36","0,61","0,68","0,66","0,65"
S?o Miguel do Guam?/PA,SANTA RITA DE BARREIRAS,"318,74655","3,185351402",0,0,"0,32","0,61","0,35","0,98","0,89","0,91","0,79","0,63"
S?o Miguel do Guam?/PA,S?o Miguel Arcanjo de Nova Ludiceia 1,"4153,43912","0,240533682",0,0,"0,32","0,61","0,35","0,98","0,89","0,91","0,79","0,63"
S?o Miguel do Guam?/PA,S?o Miguel Arcanjo de Nova Ludiceia 2,"178,69941","0,112953581",0,0,"0,32","0,61","0,35","0,98","0,89","0,91","0,79","0,63"
S?o Miguel do Guam?/PA,MENINO JESUS,"293,1186","2,931133984",0,0,"0,32","0,61","0,35","0,98","0,89","0,91","0,79","0,63"
Tracuateua/PA,JURUSSACA,"200,92722","2,009261174",0,"0,12","0,49","0,58","0,35","0,51","0,7","0,72","0,6","0,47"
Vigia/PA,CACAU E OVOS,"3566,23119","0,187942337","0,28","0,25","0,59","0,72","0,35","0,95","0,89","0,9","0,84","0,59"
Viseu/PA,PACA e ANINGAL,"1297,53877","11,46604161","0,06","0,18","0,32","0,53","0,35",1,"0,91","0,84","0,69","0,7"
Itaubal/AP,CONCEICAO DO MACACOARI,"9406,65993","2,981744273","0,57","0,3","0,28","0,49","0,35","0,5","0,67","0,25","0,41","0,28"
Araguatins/TO,ILHA DE S?O VICENTE,"2497,89397","11,14358108","0,14","0,19","0,33","0,38","0,35","0,87","0,1","0,53","0,57","0,37"
Arraias/TO,KALUNGA,"261829,63356","5,528065051","0,49","0,23","0,15","0,34","0,35","0,36","0,51","0,37","0,68","0,83"
Arraias/TO,KALUNGA DO MIMOSO,"57412,03067","415,861784","0,49","0,23","0,15","0,34","0,35","0,36","0,51","0,37","0,68","0,83"
Dian?polis/TO,LAJEADO,"2354,31557","22,55100964","0,33","0,49","0,18","0,33","0,35","0,74","0,71","0,47","0,53","0,43"
Filad?lfia/TO,GROTAO,"2069,94447","19,10557135","0,18","0,23","0,26","0,37","0,35","0,41","0,57","0,58","0,58","0,4"
Lagoa do Tocantins/TO,BARRA DA AROEIRA,"62519,82342","39,72378971","0,31","0,37","0,25","0,37","0,35","0,38","0,52",0,"0,46","0,38"
Muricil?ndia/TO,COCALINHO,"1591,23735","1,544047662","0,18","0,13","0,16","0,37","0,35","0,01","0,08",0,"0,55","0,41"
Novo Acordo/TO,BARRA DA AROEIRA,"62519,82342","220,8490921","0,4","0,29","0,14","0,35","0,35","0,35","0,43",0,"0,38","0,32"
Palmeirante/TO,GROTAO,"2069,94447","1,593747094","0,06","0,01","0,39","0,36","0,35","0,85","0,79","0,75","0,38","0,27"
Paran?/TO,KALUNGA,"261829,63356","5,369419318","0,66","0,29","0,23","0,34","0,35","0,34","0,45",0,"0,37","0,31"
Paran?/TO,KALUNGA DO MIMOSO,"57412,03067","153,0093519","0,66","0,29","0,23","0,34","0,35","0,34","0,45",0,"0,37","0,31"
Ponte Alta do Tocantins/TO,BARRA DA AROEIRA,"62519,82342","1,588995685","0,43","0,37","0,09","0,36","0,35","0,42","0,67",0,"0,46","0,39"
Porto Alegre do Tocantins/TO,LAJEADO,"2354,31557","0,991978918","0,44","0,34","0,04","0,36","0,35","0,71","0,46",0,"0,43","0,35"
Santa F? do Araguaia/TO,COCALINHO,"1591,23735","14,36821659","0,33","0,16","0,24","0,35","0,35","0,26","0,1","0,45","0,54","0,4"
Santa Tereza do Tocantins/TO,BARRA DA AROEIRA,"62519,82342","361,7867023","0,46","0,35","0,24","0,35","0,35","0,55","0,48","0,53","0,4","0,34"
Palmas/TO,BARRA DA AROEIRA,"62519,82342","1,245208656","0,66","0,64","0,3","0,47","0,35","0,64","0,58","0,41",0,"0,26"
Alc?ntara/MA,ALCANTARA,"78199,95972","780,0211549","0,43","0,54","0,41","0,52","0,35","0,91","0,68","0,7","0,48","0,51"
Anajatuba/MA,QUELUZ,"244,6125","2,409446102","0,26","0,46","0,43","0,54","0,35","0,03","0,13",0,"0,51","0,36"
Anajatuba/MA,MONGE BELO,"5655,24249","41,69329319","0,26","0,46","0,43","0,54","0,35","0,03","0,13",0,"0,51","0,36"
Anajatuba/MA,SANTA ROSA DOS PRETOS,"7502,01405","0,496354925","0,26","0,46","0,43","0,54","0,35","0,03","0,13",0,"0,51","0,36"
Anajatuba/MA,PEDRINHAS,"128,72754","1,252581264","0,26","0,46","0,43","0,54","0,35","0,03","0,13",0,"0,51","0,36"
Bacabal/MA,SAO SEBASTIAO DOS PRETOS,"1889,26215","18,30021273","0,36","0,49","0,59","0,58","0,35","0,85","0,51","0,59","0,81","0,69"
Bacabal/MA,CAMPO REDONDO,"1517,3384","14,31016571","0,36","0,49","0,59","0,58","0,35","0,85","0,51","0,59","0,81","0,69"
Bacuri/MA,BARREIRA,"891,30575","8,879896443","0,16","0,34","0,44","0,52","0,35","0,84","0,53","0,46","0,62","0,5"
Bequim?o/MA,ALCANTARA,"78199,95972","0,004704611","0,36","0,45","0,44","0,54","0,35","0,73","0,62","0,68","0,39","0,32"
Boa Vista do Gurupi/MA,PACA e ANINGAL,"1297,53877","0,548794734",0,0,"0,41","0,52","0,35","0,45","0,73","0,7","0,67","0,45"
Boa Vista do Gurupi/MA,CAMIRANGA,"330,18138","0,004418165",0,0,"0,41","0,52","0,35","0,45","0,73","0,7","0,67","0,45"
Boa Vista do Gurupi/MA,BELA AURORA,"2421,47329","0,008613836",0,0,"0,41","0,52","0,35","0,45","0,73","0,7","0,67","0,45"
Brejo/MA,ARVORE VERDE,"2546,67758","25,46650791","0,27","0,39","0,5","0,55","0,35","0,88","0,84","0,78","0,65","0,44"
Brejo/MA,ALTO BONITO,"1285,30926","12,85301158","0,27","0,39","0,5","0,55","0,35","0,88","0,84","0,78","0,65","0,44"
Brejo/MA,DEP?SITO,"725,51813","7,255126874","0,27","0,39","0,5","0,55","0,35","0,88","0,84","0,78","0,65","0,44"
Brejo/MA,VILA S?O JO?O / CAVALOS,"2346,7715","0,040819087","0,27","0,39","0,5","0,55","0,35","0,88","0,84","0,78","0,65","0,44"
Cachoeira Grande/MA,ESTIVA DOS COT?S,"4130,71882","40,41695209","0,32","0,44","0,48","0,5","0,35","0,45","0,11",0,"0,63","0,63"
C?ndido Mendes/MA,SANTA IZABEL,"985,73495","9,857282016",0,"0,06","0,42","0,5","0,35","0,46","0,12","0,3","0,71","0,68"
C?ndido Mendes/MA,BOM JESUS DOS PRETOS,"197,23356","1,972301774",0,"0,06","0,42","0,5","0,35","0,46","0,12","0,3","0,71","0,68"
Cantanhede/MA,SAO FRANCISCO MALAQUIAS,"1087,41816","0,105335096","0,15","0,35","0,4","0,54","0,35","0,88","0,87","0,76","0,62","0,38"
Capinzal do Norte/MA,PITORO DOS PRETOS,"4305,5182","26,4777284","0,25","0,33","0,4","0,51","0,35","0,7","0,59","0,57","0,33","0,27"
Capinzal do Norte/MA,MATOES MOREIRA,"5557,81682","29,21937884","0,25","0,33","0,4","0,51","0,35","0,7","0,59","0,57","0,33","0,27"
Caxias/MA,OLHO DAGUA DO RAPOSO,"237,82225","2,378212953","0,39","0,39","0,53","0,53","0,35","0,79","0,84","0,71","0,81","0,63"
Caxias/MA,JENIPAPO,"599,80123","4,953337755","0,39","0,39","0,53","0,53","0,35","0,79","0,84","0,71","0,81","0,63"
Caxias/MA,USINA VELHA,"1216,03674","12,16034644","0,39","0,39","0,53","0,53","0,35","0,79","0,84","0,71","0,81","0,63"
Centro Novo do Maranh?o/MA,ITAMAOARI,"5352,87139","0,03565009",0,"0,09","0,31","0,48","0,35","0,47","0,17","0,03","0,53","0,73"
Cod?/MA,SANTA JOANA,"1197,41518","11,97418328","0,31","0,49","0,55","0,53","0,35","0,86","0,86","0,75","0,93","0,75"
Cod?/MA,MOCORONGO,"164,77542","1,647748318","0,31","0,49","0,55","0,53","0,35","0,86","0,86","0,75","0,93","0,75"
Cod?/MA,MATOES MOREIRA,"5557,81682","26,36120031","0,31","0,49","0,55","0,53","0,35","0,86","0,86","0,75","0,93","0,75"
Cururupu/MA,ALIANCA / SANTA JOANA,"7626,28484","57,67251365","0,41","0,46","0,34","0,52","0,35","0,48","0,14",0,"0,79","0,7"
Icatu/MA,JACARE? DOS PRETOS,"1521,78234","15,217003","0,57","0,63","0,42","0,53","0,35","0,86","0,73","0,61","0,62","0,63"
Itapecuru Mirim/MA,PIQUI/SANTA MARIA,"5587,71134","40,85754795","0,45","0,5","0,31","0,57","0,35","0,41","0,58","0,65","0,67","0,41"
Itapecuru Mirim/MA,IPIRANGA DO CARMINA,"1423,62656","14,23601421","0,45","0,5","0,31","0,57","0,35","0,41","0,58","0,65","0,67","0,41"
Itapecuru Mirim/MA,QUELUZ,"244,6125","0,036656674","0,45","0,5","0,31","0,57","0,35","0,41","0,58","0,65","0,67","0,41"
Itapecuru Mirim/MA,MATA DE S?O BENEDITO,"1133,43346","11,33422619","0,45","0,5","0,31","0,57","0,35","0,41","0,58","0,65","0,67","0,41"
Itapecuru Mirim/MA,SANTA MARIA DOS PINHEIROS,"1021,47094","10,21442985","0,45","0,5","0,31","0,57","0,35","0,41","0,58","0,65","0,67","0,41"
Itapecuru Mirim/MA,SANTA HELENA,"478,3605","4,783559719","0,45","0,5","0,31","0,57","0,35","0,41","0,58","0,65","0,67","0,41"
Itapecuru Mirim/MA,MONGE BELO,"5655,24249","14,24424047","0,45","0,5","0,31","0,57","0,35","0,41","0,58","0,65","0,67","0,41"
Itapecuru Mirim/MA,BENFICA,"3547,4631","35,47453805","0,45","0,5","0,31","0,57","0,35","0,41","0,58","0,65","0,67","0,41"
Itapecuru Mirim/MA,SANTANA e S?O PATR?CIO,"1280,64678","7,707918066","0,45","0,5","0,31","0,57","0,35","0,41","0,58","0,65","0,67","0,41"
Itapecuru Mirim/MA,SANTA ROSA DOS PRETOS,"7502,01405","74,51082746","0,45","0,5","0,31","0,57","0,35","0,41","0,58","0,65","0,67","0,41"
Itapecuru Mirim/MA,PEDRINHAS,"128,72754","0,034706588","0,45","0,5","0,31","0,57","0,35","0,41","0,58","0,65","0,67","0,41"
Lago Verde/MA,CAMPO REDONDO,"1517,3384","0,52214926","0,34","0,4","0,41","0,53","0,35","0,8","0,83","0,82","0,41","0,33"
Mat?es/MA,JENIPAPO,"599,80123","1,044625383","0,35","0,41","0,42","0,51","0,35","0,73","0,72","0,31","0,55","0,32"
Mirinzal/MA,ALIANCA / SANTA JOANA,"7626,28484","21,14492851","0,28","0,51","0,43","0,52","0,35","0,43","0,48","0,42","0,54","0,51"
Morros/MA,JACARE? DOS PRETOS,"1521,78234","0,000648645","0,35","0,5","0,42","0,5","0,35","0,47","0,11","0,03","0,58","0,56"
Nina Rodrigues/MA,BARRO VERMELHO,"472,27014","0,482307466","0,55","0,5","0,43","0,53","0,35","0,46","0,76","0,04","0,76","0,55"
Olinda Nova do Maranh?o/MA,CHARCO,"1346,3726","0,0005333","0,25","0,29","0,63","0,62","0,35","0,51","0,68","0,67","0,5","0,44"
Palmeir?ndia/MA,CRUZEIRO,"300,78928","3,007876242","0,12","0,25","0,46","0,56","0,35","0,34","0,65","0,66","0,39","0,32"
Pedro do Ros?rio/MA,SANTO INACIO,"1397,98661","13,9799268","0,03","0,22","0,44","0,51","0,35","0,32","0,85","0,81","0,53","0,39"
Pedro do Ros?rio/MA,IMBIRAL,"46,53208","0,465319879","0,03","0,22","0,44","0,51","0,35","0,32","0,85","0,81","0,53","0,39"
Peritor?/MA,PITORO DOS PRETOS,"4305,5182","16,91541853","0,27","0,49","0,55","0,54","0,35","0,78","0,74","0,74","0,45","0,38"
Peritor?/MA,LAGO GRANDE,"2140,08015","21,40058938","0,27","0,49","0,55","0,54","0,35","0,78","0,74","0,74","0,45","0,38"
Pinheiro/MA,COTOVELO,"1221,3278","3,525494155","0,25","0,27","0,48","0,57","0,35","0,03","0,18","0,53","0,74","0,56"
Pinheiro/MA,ALTAMIRA,"1221,03387","11,56794029","0,25","0,27","0,48","0,57","0,35","0,03","0,18","0,53","0,74","0,56"
Pinheiro/MA,RIO DOS PEIXES,"54,26665","0,444711196","0,25","0,27","0,48","0,57","0,35","0,03","0,18","0,53","0,74","0,56"
Presidente Juscelino/MA,ESTIVA DOS COT?S,"4130,71882","0,890123389","0,4","0,42","0,47","0,55","0,35","0,9","0,65","0,72","0,62","0,62"
Presidente Sarney/MA,ALTAMIRA,"1221,03387","0,64271251","0,06","0,23","0,42","0,53","0,35","0,03","0,1",0,"0,49","0,33"
Presidente Sarney/MA,BEM POSTA,"382,09393","3,820924513","0,06","0,23","0,42","0,53","0,35","0,03","0,1",0,"0,49","0,33"
Presidente Sarney/MA,COCAL,"17,95048","0,179503869","0,06","0,23","0,42","0,53","0,35","0,03","0,1",0,"0,49","0,33"
Ros?rio/MA,SANTANA - MA - ROSARIO,"240,41634","1,511111461","0,49","0,54","0,43","0,59","0,35","0,92","0,11","0,52","0,77","0,77"
Santa Helena/MA,COTOVELO,"1221,3278","8,687639541",0,"0,22","0,41","0,51","0,35","0,51","0,2","0,07","0,92","0,7"
Santa Helena/MA,RIO DOS PEIXES,"54,26665","0,097950747",0,"0,22","0,41","0,51","0,35","0,51","0,2","0,07","0,92","0,7"
Santa Rita/MA,PIQUI/SANTA MARIA,"5587,71134","15,01836925","0,43","0,52","0,43","0,57","0,35","0,79","0,17","0,57","0,52","0,35"
Santa Rita/MA,SANTA RITA DO VALE,"321,35741","3,213610285","0,43","0,52","0,43","0,57","0,35","0,79","0,17","0,57","0,52","0,35"
Santa Rita/MA,CARIONGO,"556,7789","5,567736839","0,43","0,52","0,43","0,57","0,35","0,79","0,17","0,57","0,52","0,35"
Santa Rita/MA,SANTANA - MA - ROSARIO,"240,41634","0,892934147","0,43","0,52","0,43","0,57","0,35","0,79","0,17","0,57","0,52","0,35"
Santa Rita/MA,SANTANA e S?O PATR?CIO,"1280,64678","5,09850506","0,43","0,52","0,43","0,57","0,35","0,79","0,17","0,57","0,52","0,35"
Santa Rita/MA,SANTA ROSA DOS PRETOS,"7502,01405","0,012908368","0,43","0,52","0,43","0,57","0,35","0,79","0,17","0,57","0,52","0,35"
S?o Jo?o do Soter/MA,CIPO,"2476,69727","24,76677341","0,17","0,33","0,41","0,5","0,35","0,63","0,7",0,"0,5","0,3"
S?o Mateus do Maranh?o/MA,SAO SEBASTIAO DOS PRETOS,"1889,26215","0,592247194","0,37","0,47","0,5","0,57","0,35","0,45","0,14","0,5","0,89","0,78"
S?o Mateus do Maranh?o/MA,CAMPO REDONDO,"1517,3384","0,340831527","0,37","0,47","0,5","0,57","0,35","0,45","0,14","0,5","0,89","0,78"
S?o Vicente Ferrer/MA,CHARCO,"1346,3726","13,46297958","0,37","0,46","0,57","0,59","0,35","0,49","0,65","0,67","0,42","0,36"
Serrano do Maranh?o/MA,BARREIRA,"891,30575","0,033137315","0,29","0,55","0,47","0,5","0,35","0,48","0,1",0,"0,67","0,59"
Turia?u/MA,GLEBA JAMARY DOS PRETOS,"14730,03193","147,2992661","0,15","0,29","0,43","0,5","0,35","0,87","0,83","0,66","0,57","0,47"
Vargem Grande/MA,BARRO VERMELHO,"472,27014","4,240336155","0,3","0,48","0,47","0,54","0,35","0,63","0,91","0,78","0,85","0,66"
Vargem Grande/MA,SAO FRANCISCO MALAQUIAS,"1087,41816","10,76880046","0,3","0,48","0,47","0,54","0,35","0,63","0,91","0,78","0,85","0,66"
Viana/MA,CONTENDA,"1070,87128","10,7086711","0,35","0,36","0,45","0,56","0,35","0,51","0,76","0,68","0,84","0,63"
Viana/MA,CARANGUEIJO,"274,78051","2,747791806","0,35","0,36","0,45","0,56","0,35","0,51","0,76","0,68","0,84","0,63"
Viana/MA,MUCAMBO,"396,36065","3,963551464","0,35","0,36","0,45","0,56","0,35","0,51","0,76","0,68","0,84","0,63"
Viana/MA,SANTA ROSA I,"952,20989","9,522090007","0,35","0,36","0,45","0,56","0,35","0,51","0,76","0,68","0,84","0,63"
Viana/MA,SAO MANOEL-MA,"223,54363","2,235404541","0,35","0,36","0,45","0,56","0,35","0,51","0,76","0,68","0,84","0,63"
Viana/MA,AGUIAR,"910,44778","9,104340596","0,35","0,36","0,45","0,56","0,35","0,51","0,76","0,68","0,84","0,63"
Viana/MA,FERREIRA,"309,65944","3,096574375","0,35","0,36","0,45","0,56","0,35","0,51","0,76","0,68","0,84","0,63"
Viana/MA,CAJUEIRO,"264,31486","2,643130051","0,35","0,36","0,45","0,56","0,35","0,51","0,76","0,68","0,84","0,63"
Assun??o do Piau?/PI,SITIO VELHO,"57,52617","0,575252995","0,29","0,59","0,44","0,39","0,31","0,34","0,73","0,29","0,54","0,44"
Bonfim do Piau?/PI,LAGOAS,"62321,90746","5,71880763","0,54","0,61","0,29","0,41","0,31","0,48","0,73","0,56","0,35","0,3"
Buriti dos Montes/PI,QUEIMADAS,"8276,17353","0,00221984","0,41","0,55","0,3","0,37","0,31","0,36","0,72",0,"0,4","0,41"
Campinas do Piau?/PI,VOLTA DO CAMPO GRANDE,"10880,90255","108,8085497","0,46","0,61","0,35","0,39","0,31","0,53","0,66","0,44","0,45","0,36"
Campinas do Piau?/PI,SABONETE,"1841,63923","6,365563312","0,46","0,61","0,35","0,39","0,31","0,53","0,66","0,44","0,45","0,36"
Campo Largo do Piau?/PI,ARVORE VERDE,"2546,67758","0,000004087","0,43","0,47","0,41","0,41","0,31","0,72","0,73","0,54","0,26","0,16"
Campo Largo do Piau?/PI,VILA S?O JO?O / CAVALOS,"2346,7715","7,934058887","0,43","0,47","0,41","0,41","0,31","0,72","0,73","0,54","0,26","0,16"
Concei??o do Canind?/PI,FAZENDA NOVA,"6421,90551","5,657310443","0,35","0,56","0,22","0,38","0,31","0,64","0,7","0,58","0,46","0,41"
Concei??o do Canind?/PI,MORRINHO,"2529,72387","0,063955577","0,35","0,56","0,22","0,38","0,31","0,64","0,7","0,58","0,46","0,41"
Dirceu Arcoverde/PI,LAGOAS,"62321,90746","19,38107821","0,58","0,49","0,2","0,38","0,31","0,36","0,76","0,41","0,43","0,35"
Esperantina/PI,OLHO DAGUA DOS PIRES,"141,37772","1,413767955","0,4","0,49","0,45","0,45","0,31","0,72","0,69","0,55","0,67","0,61"
Fartura do Piau?/PI,LAGOAS,"62321,90746","149,4761256","0,59","0,55","0,24","0,39","0,31","0,46","0,75","0,38","0,38","0,3"
Isa?as Coelho/PI,SABONETE,"1841,63923","12,05064166","0,44","0,58","0,31","0,39","0,31","0,46","0,69","0,45","0,47","0,36"
Isa?as Coelho/PI,FAZENDA NOVA,"6421,90551","58,56100454","0,44","0,58","0,31","0,39","0,31","0,46","0,69","0,45","0,47","0,36"
Isa?as Coelho/PI,MORRINHO,"2529,72387","25,2331001","0,44","0,58","0,31","0,39","0,31","0,46","0,69","0,45","0,47","0,36"
Matias Ol?mpio/PI,VILA S?O JO?O / CAVALOS,"2346,7715","15,49266934","0,49","0,48","0,53","0,47","0,31","0,71","0,71","0,52","0,38","0,28"
Paulistana/PI,CONTENTE,"686,45201","6,86447041","0,5","0,68","0,27","0,38","0,31","0,54","0,77","0,55","0,55","0,4"
Pedro Laurentino/PI,RIACHO DOS NEGROS,"32766,96582","176,6025117","0,54","0,57","0,19","0,38","0,31","0,62","0,68","0,58","0,33","0,26"
Queimada Nova/PI,TAPUIO,"549,71107","5,497074768","0,56","0,56","0,23","0,38","0,31","0,61","0,82","0,56","0,25","0,2"
S?o Jo?o do Piau?/PI,RIACHO DOS NEGROS,"32766,96582","150,9509878","0,5","0,69","0,16","0,38","0,31","0,6","0,72","0,59","0,43","0,33"
S?o Louren?o do Piau?/PI,LAGOAS,"62321,90746","77,23518603","0,48","0,65","0,36","0,38","0,31","0,61","0,73","0,6","0,32","0,26"
S?o Miguel do Tapuio/PI,MAACOS,"5980,83412","59,80787538","0,41","0,6","0,24","0,38","0,31","0,35","0,7",0,"0,5","0,42"
S?o Raimundo Nonato/PI,LAGOAS,"62321,90746","255,0160903","0,58","0,79","0,4","0,38","0,31","0,69","0,85","0,74","0,51","0,32"
Socorro do Piau?/PI,RIACHO DOS NEGROS,"32766,96582","0,114213887","0,54","0,66","0,23","0,38","0,31","0,61","0,69","0,54","0,43","0,35"
V?rzea Branca/PI,LAGOAS,"62321,90746","116,9954433","0,46","0,6","0,3","0,39","0,31","0,24","0,75","0,51","0,32","0,23"
Acara?/CE,C?RREGO DOS IUS,"1169,6238","9,739837982","0,64","0,81","0,39","0,4","0,31","0,87","0,68","0,61","0,61","0,51"
Alc?ntaras/CE,TIMBAUBA,"2033,81756","0,155248917","0,75","0,66","0,23","0,43","0,31","0,65","0,8","0,55","0,28","0,2"
Aquiraz/CE,LAGOA DO RAMO E GOIABEIRA,"1407,98814","14,07976222","0,69","0,76","0,53","0,43","0,31","0,84","0,68","0,72","0,6","0,46"
Aracati/CE,C?RREGO DE UBARANAS,"1627,2632","16,27253319","0,62","0,73","0,49","0,36","0,31","0,86","0,76","0,72","0,68","0,73"
Araripe/CE,SITIO ARRUDA,"334,58166","0,230412902","0,34","0,51","0,49","0,3","0,31","0,65","0,86","0,61","0,82","0,74"
Catunda/CE,LAGOA DAS PEDRAS E ENCANTADOS DO BOM JARDIM,"1984,63386","1,446093637","0,65","0,51","0,14","0,27","0,31","0,36","0,75","0,18","0,53","0,43"
Caucaia/CE,BOQUEIRAO DA ARARA,"740,03398","7,400294664","0,66","0,8","0,49","0,45","0,31","0,78","0,81","0,77","0,77","0,86"
Corea?/CE,TIMBAUBA,"2033,81756","7,166367904","0,51","0,58","0,41","0,32","0,31","0,57","0,8","0,48","0,61","0,47"
Crate?s/CE,QUEIMADAS,"8276,17353","82,75815558","0,48","0,65","0,49","0,29","0,31","0,76","0,86","0,77","0,76","0,6"
Croat?/CE,TRES IRMAOS,"2953,68056","27,38955228","0,49","0,58","0,4","0,32","0,31","0,53","0,8","0,52","0,36","0,31"
Cruz/CE,C?RREGO DOS IUS,"1169,6238","1,956249527","0,61","0,72","0,4","0,4","0,31","0,81","0,63","0,65","0,17","0,09"
Horizonte/CE,ALTO ALEGRE,"588,71335","1,295425746","0,76","0,84","0,51","0,44","0,31","0,73","0,67","0,63","0,55","0,53"
Ipueiras/CE,TRES IRMAOS,"2953,68056","2,146635187","0,49","0,51","0,36","0,31","0,31","0,41","0,81","0,45","0,52","0,43"
Mora?jo/CE,TIMBAUBA,"2033,81756","13,01641344","0,55","0,6","0,42","0,3","0,31","0,73","0,76","0,35","0,43","0,37"
Novo Oriente/CE,MINADOR,"1885,59455","18,8557982","0,49","0,63","0,39","0,32","0,31","0,34","0,77","0,46","0,47","0,4"
Pacajus/CE,ALTO ALEGRE,"588,71335","4,591667548","0,78","0,79","0,5","0,46","0,31","0,89","0,74","0,73","0,81","0,88"
Quixad?/CE,S?TIO VEIGA,"967,89744","9,678902468","0,67","0,66","0,41","0,33","0,31","0,86","0,86","0,82","0,89","0,91"
Salitre/CE,SERRA DOS CHAGAS,"2580,30973","25,80295576","0,46","0,66","0,49","0,3","0,31","0,64","0,85","0,62","0,65","0,54"
Salitre/CE,SITIO ARRUDA,"334,58166","3,115378145","0,46","0,66","0,49","0,3","0,31","0,64","0,85","0,62","0,65","0,54"
Tamboril/CE,BRUTOS,"1302,81373","13,02805399","0,66","0,56","0,13","0,28","0,31","0,68","0,87","0,77","0,73","0,61"
Tamboril/CE,LAGOA DAS PEDRAS E ENCANTADOS DO BOM JARDIM,"1984,63386","18,40008307","0,66","0,56","0,13","0,28","0,31","0,68","0,87","0,77","0,73","0,61"
Tururu/CE,?GUA PRETA,"176,11753","1,650421707","0,66","0,74","0,41","0,43","0,31","0,71","0,68","0,55","0,42","0,38"
Umirim/CE,?GUA PRETA,"176,11753","0,110738304","0,66","0,61","0,3","0,39","0,31","0,75","0,83","0,66","0,63","0,64"
Afonso Bezerra/RN,COMUNIDADE AROEIRA,"530,18497","0,002826547","0,55","0,64","0,33","0,33","0,31","0,7","0,71","0,65","0,62","0,58"
Bod?/RN,MACAMBIRA,"2593,39608","1,864221649","0,49","0,21","0,19","0,22","0,31","0,35","0,68",0,"0,48","0,45"
Ielmo Marinho/RN,NOVA DESCOBERTA,"449,1947","4,491915822","0,43","0,4","0,3","0,4","0,31","0,66","0,74","0,62","0,19","0,12"
Lagoa Nova/RN,MACAMBIRA,"2593,39608","12,69440632","0,67","0,75","0,47","0,45","0,31","0,46","0,61","0,61","0,47","0,33"
Maca?ba/RN,CAPOEIRAS,"911,97045","9,119640133","0,48","0,53","0,53","0,48","0,31","0,82","0,81","0,76","0,57","0,66"
Maca?ba/RN,S?TIO PAVILH?O,"52,10645","0,521061868","0,48","0,53","0,53","0,48","0,31","0,82","0,81","0,76","0,57","0,66"
Parelhas/RN,BOA VISTA DOS NEGROS,"444,88109","4,448781889","0,64","0,48","0,12","0,35","0,31","0,74","0,82","0,63","0,72","0,86"
Patu/RN,JATOBA,"219,30497","2,193035316","0,65","0,56","0,38","0,37","0,31","0,76","0,77","0,66","0,9","0,84"
Pedro Avelino/RN,COMUNIDADE AROEIRA,"530,18497","5,298963776","0,44","0,52","0,24","0,3","0,31","0,37","0,72","0,3","0,54","0,44"
Po?o Branco/RN,ACAUA,"547,60059","5,47596585","0,45","0,32","0,4","0,43","0,31","0,69","0,76","0,62","0,59","0,66"
Santana do Matos/RN,MACAMBIRA,"2593,39608","11,37517167","0,42","0,49","0,36","0,31","0,31","0,69","0,75","0,55","0,63","0,6"
Alagoa Grande/PB,CAIANA DOS CRIOULOS,"675,6408","4,734688646","0,3","0,31","0,57","0,45","0,31","0,82","0,83","0,79","0,65","0,67"
Alagoa Nova/PB,CAIANA DOS CRIOULOS,"675,6408","0,050765634","0,4","0,5","0,56","0,49","0,31","0,65","0,77","0,59","0,73","0,67"
Areia/PB,ENGENHO BONFIM,"121,94385","1,219429934","0,27","0,24","0,53","0,43","0,31","0,68","0,79","0,48","0,68","0,75"
Areia/PB,ENGENHO MUNDO NOVO,"321,94486","3,21942593","0,27","0,24","0,53","0,43","0,31","0,68","0,79","0,48","0,68","0,75"
Boa Ventura/PB,VACA MORTA,"1189,00159","0,027897605","0,56","0,51","0,28","0,35","0,31","0,6","0,76","0,52","0,74","0,6"
Curral Velho/PB,VACA MORTA,"1189,00159","0,639359604","0,39","0,33","0,27","0,3","0,31","0,7","0,81","0,42","0,55","0,5"
Diamante/PB,VACA MORTA,"1189,00159","11,22267705","0,46","0,39","0,33","0,34","0,31","0,72","0,84","0,7","0,7","0,57"
Ing?/PB,PEDRA DAGUA,"132,15921","1,087278141","0,32","0,28","0,57","0,42","0,31","0,64","0,7","0,63","0,62","0,57"
Jo?o Pessoa/PB,PARATIBE,"267,50682","2,675049042","0,33","0,39","0,56","0,43","0,31","0,49","0,47","0,6","0,49","0,54"
Massaranduba/PB,CAIANA DOS CRIOULOS,"675,6408","0,169485756","0,4","0,48","0,61","0,43","0,31","0,65","0,77","0,54","0,47","0,44"
Matinhas/PB,CAIANA DOS CRIOULOS,"675,6408","1,801429106","0,4","0,48","0,61","0,5","0,31","0,77","0,88","0,81","0,54","0,49"
Mogeiro/PB,MATAO,"213,71564","2,137141677","0,43","0,24","0,52","0,42","0,31","0,85","0,82","0,73","0,38","0,32"
Riach?o do Bacamarte/PB,GRILO,"138,78127","1,3878026","0,44","0,47","0,67","0,49","0,31","0,79","0,83","0,79","0,59","0,54"
Santa Luzia/PB,SERRA DO TALHADO,"16,13454","0,161344318","0,65","0,37","0,21","0,34","0,31","0,62","0,73","0,56","0,72","0,62"
Santa Luzia/PB,PITOMBEIRA,"354,02263","0,80618443","0,65","0,37","0,21","0,34","0,31","0,62","0,73","0,56","0,72","0,62"
Serra Redonda/PB,PEDRA DAGUA,"132,15921","0,234304639","0,37","0,29","0,64","0,5","0,31","0,75","0,82","0,74","0,6","0,55"
V?rzea/PB,PITOMBEIRA,"354,02263","2,734018235","0,62","0,28",0,"0,3","0,31","0,72","0,71","0,67","0,43","0,31"
Bel?m do S?o Francisco/PE,CONCEI?AO DAS CRIOULAS,"17859,21036","2,266680591","0,57","0,71","0,32","0,28","0,31","0,86","0,88","0,79","0,54","0,51"
Cabrob?/PE,SANTANA III,"2315,24672","0,369973279","0,63","0,75","0,2","0,32","0,31","0,8","0,9","0,78","0,69","0,42"
Cabrob?/PE,JATOB?,"4855,60501","48,2800437","0,63","0,75","0,2","0,32","0,31","0,8","0,9","0,78","0,69","0,42"
Carnaubeira da Penha/PE,CONCEI?AO DAS CRIOULAS,"17859,21036","0,421550061","0,53","0,67","0,22","0,31","0,31","0,69","0,87","0,64","0,44","0,36"
Correntes/PE,TIMBO,"956,00785","0,036699832","0,39","0,33","0,66","0,38","0,31","0,46","0,21","0,53","0,58","0,52"
Garanhuns/PE,CASTAINHO,"189,55424","1,895527106","0,57","0,46","0,66","0,47","0,31","0,41","0,58","0,52","0,68","0,69"
Garanhuns/PE,TIMBO,"956,00785","9,399678138","0,57","0,46","0,66","0,47","0,31","0,41","0,58","0,52","0,68","0,69"
Mirandiba/PE,CONCEI?AO DAS CRIOULAS,"17859,21036","1,459740083","0,43","0,58","0,35","0,32","0,31","0,65","0,84","0,6","0,57","0,48"
Palmeirina/PE,TIMBO,"956,00785","0,117604646","0,51","0,23","0,44","0,38","0,31","0,41","0,08","0,46","0,62","0,57"
Salgueiro/PE,SANTANA III,"2315,24672","22,78232596","0,52","0,59","0,42","0,33","0,31","0,63","0,81","0,57","0,78","0,59"
Salgueiro/PE,CONTENDAS,"2109,01214","19,82180596","0,52","0,59","0,42","0,33","0,31","0,63","0,81","0,57","0,78","0,59"
Salgueiro/PE,CONCEI?AO DAS CRIOULAS,"17859,21036","174,4426118","0,52","0,59","0,42","0,33","0,31","0,63","0,81","0,57","0,78","0,59"
Salgueiro/PE,JATOB?,"4855,60501","0,275669458","0,52","0,59","0,42","0,33","0,31","0,63","0,81","0,57","0,78","0,59"
S?o Jo?o/PE,TIMBO,"956,00785","0,006028286","0,57","0,39","0,59","0,45","0,31","0,4","0,41","0,49","0,65","0,64"
Terra Nova/PE,CONTENDAS,"2109,01214","1,268318624","0,54","0,57","0,32","0,35","0,31","0,51","0,82","0,52","0,46","0,4"
Batalha/AL,CAJ? DOS NEGROS,"561,81548","5,618115543","0,32","0,22","0,46","0,46","0,31","0,38","0,68","0,56","0,52","0,46"
Palmeira dos ?ndios/AL,TABACARIA,"399,96766","3,999648341","0,44","0,24","0,6","0,54","0,31","0,61","0,7","0,63","0,61","0,65"
P?o de A??car/AL,MOCAMBO - SE,"2261,7318","2,69578776","0,33","0,25","0,35","0,43","0,31","0,37","0,74","0,53","0,74","0,67"
S?o Br?s/AL,LAGOA DOS CAMPINHOS,"1263,33701","0,009127408","0,21","0,27","0,68","0,45","0,31","0,75","0,72","0,68","0,51","0,46"
Teot?nio Vilela/AL,ABOBREIRAS,"495,63426","4,956308428","0,4","0,22","0,63","0,55","0,31","0,42","0,71","0,61","0,82","0,7"
Amparo de S?o Francisco/SE,CARAIBAS,"3083,95083","5,014551828","0,23","0,21","0,62","0,46","0,31","0,65","0,69","0,64","0,58","0,55"
Amparo de S?o Francisco/SE,LAGOA DOS CAMPINHOS,"1263,33701","12,11900923","0,23","0,21","0,62","0,46","0,31","0,65","0,69","0,64","0,58","0,55"
Aquidab?/SE,CARAIBAS,"3083,95083","6,11024621","0,32","0,42","0,65","0,45","0,31","0,44","0,58","0,6","0,44","0,35"
Aquidab?/SE,FORTE,"1467,02357","0,931478955","0,32","0,42","0,65","0,45","0,31","0,44","0,58","0,6","0,44","0,35"
Aracaju/SE,MALOCA,"0,91682","0,00916814","0,44","0,26","0,61","0,47","0,31","0,44","0,79","0,67","0,55","0,59"
Arau?/SE,Curuanha,"2257,11269","0,040336113","0,38","0,29","0,64","0,43","0,31","0,77","0,84","0,71","0,3","0,21"
Barra dos Coqueiros/SE,PONTAL DA BARRA,"325,52316","3,219668073","0,52","0,35","0,78","0,51","0,31","0,44","0,73","0,71","0,55","0,67"
Brejo Grande/SE,BREJO DOS NEGROS,"8130,35121","69,2301227","0,35","0,44","0,87","0,45","0,31","0,41","0,5","0,54","0,55","0,5"
Canhoba/SE,CARAIBAS,"3083,95083","15,11566207","0,19","0,26","0,54","0,37","0,31","0,62","0,67","0,65","0,38","0,32"
Canind? de S?o Francisco/SE,SERRA DA GUIA,"9043,37976","0,287476724","0,31","0,47","0,49","0,31","0,31","0,84","0,84","0,67","0,7","0,55"
Capela/SE,PATIOBA,"1511,53609","6,345586341","0,35","0,41","0,76","0,47","0,31","0,42","0,48","0,49","0,41","0,37"
Capela/SE,FORTE,"1467,02357","0,059884355","0,35","0,41","0,76","0,47","0,31","0,42","0,48","0,49","0,41","0,37"
Capela/SE,PIRANGI,"128,15883","1,281579293","0,35","0,41","0,76","0,47","0,31","0,42","0,48","0,49","0,41","0,37"
Cedro de S?o Jo?o/SE,CARAIBAS,"3083,95083","3,104549505","0,28","0,35","0,69","0,46","0,31","0,42","0,55","0,58","0,55","0,49"
Cumbe/SE,FORTE,"1467,02357","13,38678895","0,29","0,36","0,64","0,39","0,31","0,42","0,03",0,"0,44","0,37"
Est?ncia/SE,LUZIENSE,"8458,62321","1,092149951","0,38","0,37","0,73","0,48","0,31","0,46","0,77","0,69","0,68","0,8"
Est?ncia/SE,Curuanha,"2257,11269","22,38673244","0,38","0,37","0,73","0,48","0,31","0,46","0,77","0,69","0,68","0,8"
Frei Paulo/SE,CATUABO,"896,00302","0,99536928","0,15","0,3","0,68","0,38","0,31","0,41","0,16","0,34","0,39","0,37"
Ilha das Flores/SE,BREJO DOS NEGROS,"8130,35121","0,683266104","0,36","0,35","0,74","0,55","0,31","0,4","0,51","0,54","0,52","0,48"
Indiaroba/SE,LUZIENSE,"8458,62321","1,481181823","0,3","0,35","0,61","0,44","0,31","0,77","0,8","0,68","0,34","0,31"
Indiaroba/SE,DESTERRO,"124,87657","1,248756896","0,3","0,35","0,61","0,44","0,31","0,77","0,8","0,68","0,34","0,31"
Japaratuba/SE,ALAGAMAR,"2915,54626","0,278602048","0,14","0,21","0,74","0,41","0,31","0,45","0,72","0,65","0,52","0,43"
Japaratuba/SE,PATIOBA,"1511,53609","8,769668798","0,14","0,21","0,74","0,41","0,31","0,45","0,72","0,65","0,52","0,43"
Japoat?/SE,ALAGAMAR,"2915,54626","1,011634679","0,11","0,28","0,66","0,4","0,31","0,46","0,61","0,62","0,26","0,18"
Japoat?/SE,LADEIRAS,"2070,11281","20,7009819","0,11","0,28","0,66","0,4","0,31","0,46","0,61","0,62","0,26","0,18"
Laranjeiras/SE,MUSSUCA,"2851,52864","27,42421928","0,33","0,29","0,71","0,51","0,31","0,79","0,74","0,71","0,9","0,95"
Maruim/SE,MUSSUCA,"2851,52864","0,246562255","0,41","0,37","0,76","0,51","0,31","0,43","0,52","0,53","0,6","0,52"
Nossa Senhora Aparecida/SE,CATUABO,"896,00302","7,765781551","0,34","0,4","0,61","0,39","0,31","0,67","0,52","0,59","0,39","0,33"
Nossa Senhora do Socorro/SE,MUSSUCA,"2851,52864","0,476858513","0,49","0,33","0,68","0,51","0,31","0,76","0,65","0,69","0,81","0,85"
Pacatuba/SE,ALAGAMAR,"2915,54626","1,917471238","0,14","0,25","0,7","0,41","0,31","0,77","0,72","0,61","0,14","0,12"
Pacatuba/SE,BREJO DOS NEGROS,"8130,35121","11,11967801","0,14","0,25","0,7","0,41","0,31","0,77","0,72","0,61","0,14","0,12"
Pirambu/SE,ALAGAMAR,"2915,54626","26,05539097","0,18","0,3","0,73","0,42","0,31","0,68","0,74","0,6","0,35","0,29"
Po?o Redondo/SE,SERRA DA GUIA,"9043,37976","89,88311953","0,4","0,54","0,51","0,4","0,31","0,71","0,86","0,77","0,35","0,29"
Porto da Folha/SE,MOCAMBO - SE,"2261,7318","19,92123216","0,32","0,24","0,46","0,4","0,31","0,91","0,89","0,72","0,48","0,44"
Ribeir?polis/SE,CATUABO,"896,00302","0,198814233","0,27","0,39","0,67","0,45","0,31","0,43","0,08","0,43","0,44","0,38"
Santa Luzia do Itanhy/SE,LUZIENSE,"8458,62321","82,24184707","0,34","0,23","0,58","0,42","0,31","0,78","0,65","0,62","0,34","0,23"
Santo Amaro das Brotas/SE,PONTAL DA BARRA,"325,52316","0,035529433","0,17","0,06","0,63","0,42","0,31","0,42","0,63","0,55","0,87","0,94"
Santo Amaro das Brotas/SE,MUSSUCA,"2851,52864","0,367444982","0,17","0,06","0,63","0,42","0,31","0,42","0,63","0,55","0,87","0,94"
Telha/SE,CARAIBAS,"3083,95083","1,49432554","0,27","0,29","0,56","0,46","0,31","0,43","0,45","0,43","0,29","0,24"
Telha/SE,LAGOA DOS CAMPINHOS,"1263,33701","0,505145408","0,27","0,29","0,56","0,46","0,31","0,43","0,45","0,43","0,29","0,24"
Abar?/BA,CURRAL DE PEDRA,"4555,53248","45,5549206","0,58","0,86","0,39","0,33","0,31","0,38","0,81","0,71","0,52","0,46"
Andara?/BA,I?NA,"1413,09734","0,030385302","0,31","0,38","0,09","0,32","0,31","0,69","0,87","0,64","0,64","0,66"
Ant?nio Gon?alves/BA,JIB?IA,"2023,86865","15,85655999","0,43","0,53","0,36","0,37","0,31","0,6","0,82","0,54","0,6","0,6"
Ant?nio Gon?alves/BA,TIJUA?U,"8533,01939","0,177145836","0,43","0,53","0,36","0,37","0,31","0,6","0,82","0,54","0,6","0,6"
Bom Jesus da Lapa/BA,MANGAL E BARRO VERMELHO,"9041,9412","0,143713251","0,62","0,9","0,38","0,31","0,31","0,74","0,89","0,74","0,47","0,34"
Bom Jesus da Lapa/BA,ARACA/CARIACA/ PATO/ PEDRAS/RETIRO,"18950,44218","189,2916647","0,62","0,9","0,38","0,31","0,31","0,74","0,89","0,74","0,47","0,34"
Bom Jesus da Lapa/BA,NOVA BATALHINHA,"7559,54738","40,60134436","0,62","0,9","0,38","0,31","0,31","0,74","0,89","0,74","0,47","0,34"
Bom Jesus da Lapa/BA,LAGOA DO PEIXE,"6704,10192","67,04066157","0,62","0,9","0,38","0,31","0,31","0,74","0,89","0,74","0,47","0,34"
Bom Jesus da Lapa/BA,PARATECA E PAU DARCO,"41604,96648","1,328721874","0,62","0,9","0,38","0,31","0,31","0,74","0,89","0,74","0,47","0,34"
Bom Jesus da Lapa/BA,LAGOA DAS PIRANHAS,"9953,08872","98,59840982","0,62","0,9","0,38","0,31","0,31","0,74","0,89","0,74","0,47","0,34"
Brejol?ndia/BA,FAZENDA JATOBA,"14493,96871","0,080325883","0,04","0,69","0,28","0,31","0,31","0,75","0,78","0,72","0,31","0,27"
Cachoeira/BA,CA?NGE/DEN?E/ENGENHO DA PRAIA/ENGENHO DA PONTE E,"907,89356","9,078866486","0,31","0,35","0,55","0,45","0,31","0,72","0,66","0,5","0,42","0,47"
Cachoeira/BA,CAONGE/DENDE/ENGENHO DA PONTE E OUTRAS,"1042,09516","10,42087292","0,31","0,35","0,55","0,45","0,31","0,72","0,66","0,5","0,42","0,47"
Cachoeira/BA,SAO FRANCISCO DO PARAGUA?U,"5130,78627","39,74259213","0,31","0,35","0,55","0,45","0,31","0,72","0,66","0,5","0,42","0,47"
Cachoeira/BA,SALAMINA PUTUMUJU,"2063,16654","0,030913861","0,31","0,35","0,55","0,45","0,31","0,72","0,66","0,5","0,42","0,47"
Cama?ari/BA,PITANGA DE PALMARES,"22,73614","0,044055595","0,46","0,6","0,69","0,4","0,31","0,84","0,85","0,75","0,42","0,66"
Cama?ari/BA,PITANGA DE PALMARES,"5,20509","0,000072435","0,46","0,6","0,69","0,4","0,31","0,84","0,85","0,75","0,42","0,66"
Camamu/BA,JETIMANA e BOA VISTA,"1588,10854","15,61780902","0,25","0,27","0,55","0,39","0,31","0,73","0,65","0,41","0,49","0,42"
Camamu/BA,PORTO DO CAMPO,"221,11195","2,211103843","0,25","0,27","0,55","0,39","0,31","0,73","0,65","0,41","0,49","0,42"
Candeias/BA,PITANGA DE PALMARES,"826,91761","0,433791857","0,41","0,23","0,64","0,42","0,31","0,48","0,67","0,73","0,8","0,85"
Cotegipe/BA,RIACHO DA SACUTIABA E SACUTIABA,"12291,24544","0,533110048","0,49","0,57","0,25","0,3","0,31","0,68","0,71","0,62","0,34","0,29"
Dias d'?vila/BA,PITANGA DE PALMARES,"22,73614","0,115979021","0,45","0,58","0,7","0,44","0,31","0,47","0,53","0,54","0,79","0,88"
Dias d'?vila/BA,PITANGA DE PALMARES,"5,20509","0,000032333","0,45","0,58","0,7","0,44","0,31","0,47","0,53","0,54","0,79","0,88"
Entre Rios/BA,FAZENDA PORTEIRAS,"1961,00514","19,6099124","0,32","0,21","0,59","0,36","0,31","0,48","0,79","0,73","0,53","0,41"
Filad?lfia/BA,JIB?IA,"2023,86865","4,38198304","0,56","0,62","0,43","0,37","0,31","0,31","0,64","0,52","0,46","0,44"
Filad?lfia/BA,TIJUA?U,"8533,01939","33,91016793","0,56","0,62","0,43","0,37","0,31","0,31","0,64","0,52","0,46","0,44"
Ibitiara/BA,MORRO REDONDO,"5059,64877","21,97695648","0,62","0,67","0,11","0,32","0,31","0,67","0,9","0,69","0,22","0,18"
Igrapi?na/BA,JETIMANA e BOA VISTA,"1588,10854","0,263164531","0,27","0,19","0,38","0,34","0,31","0,72","0,5",0,"0,69","0,69"
Ituber?/BA,LAGOA SANTA,"653,64277","6,251956684","0,31","0,33","0,47","0,43","0,31","0,45","0,74","0,52","0,7","0,73"
Len??is/BA,I?NA,"1413,09734","14,10048468","0,4","0,43",0,"0,31","0,31","0,58","0,9","0,48","0,68","0,7"
Maragogipe/BA,"QUIZANGA, GUER?M BAIX?O DO GUA?, TABATINGA E OU","5971,59241","54,67534273","0,43","0,45","0,67","0,49","0,31","0,69","0,85","0,66","0,54","0,47"
Maragogipe/BA,SALAMINA PUTUMUJU,"2063,16654","20,60060593","0,43","0,45","0,67","0,49","0,31","0,69","0,85","0,66","0,54","0,47"
Muqu?m do S?o Francisco/BA,FAZENDA JATOBA,"14493,96871","128,7207632","0,53","0,59","0,19","0,3","0,31","0,68","0,79","0,66","0,31","0,12"
Nazar?/BA,"QUIZANGA, GUER?M BAIX?O DO GUA?, TABATINGA E OU","5971,59241","5,040156998","0,4","0,42","0,68","0,48","0,31","0,46","0,62","0,57","0,8","0,65"
Nilo Pe?anha/BA,LAGOA SANTA,"653,64277","0,284425984","0,31","0,22","0,44","0,38","0,31","0,67","0,61",0,"0,65","0,65"
Paratinga/BA,FAZENDA JATOBA,"14493,96871","0,006156047","0,7","0,75","0,21","0,33","0,31","0,81","0,91","0,81","0,48","0,28"
Pedro Alexandre/BA,SERRA DA GUIA,"9043,37976","0,26256332","0,31","0,43","0,53","0,35","0,31","0,45","0,86","0,72","0,31","0,26"
Riacho de Santana/BA,MATA DO SAP?,"2641,42808","26,41408578","0,69","0,73","0,24","0,32","0,31","0,69","0,93","0,74","0,36","0,3"
Riacho de Santana/BA,SAMBA?BA,"2509,87597","15,00159812","0,69","0,73","0,24","0,32","0,31","0,69","0,93","0,74","0,36","0,3"
Rio de Contas/BA,BARRA E BANANAL,"1296,30181","12,96295475","0,51","0,6","0,23","0,32","0,31","0,49","0,84","0,51","0,39","0,35"
Salvador/BA,ILHA DE MAR?,"645,21689","6,452123465","0,43","0,2","0,69","0,47","0,31","0,44","0,22","0,3","0,73","0,83"
Salvador/BA,RIO DOS MACACOS,"104,26342","0,141243153","0,43","0,2","0,69","0,47","0,31","0,44","0,22","0,3","0,73","0,83"
Santo Amaro/BA,SAO FRANCISCO DO PARAGUA?U,"5130,78627","0,52215018","0,37","0,38","0,51","0,5","0,31","0,47","0,66","0,63","0,73","0,64"
Saubara/BA,SAO FRANCISCO DO PARAGUA?U,"5130,78627","11,04275815","0,44","0,3","0,6","0,45","0,31","0,42","0,44",0,"0,42","0,42"
Seabra/BA,CAPAO DAS GAMELAS,"1313,42371","13,13413892","0,58","0,59","0,19","0,33","0,31","0,7","0,94","0,69","0,59","0,41"
Seabra/BA,AGRESTE,"2336,77932","23,36762803","0,58","0,59","0,19","0,33","0,31","0,7","0,94","0,69","0,59","0,41"
Seabra/BA,OLHOS DAGUA DO BAS?LIO,"4833,03576","48,33002674","0,58","0,59","0,19","0,33","0,31","0,7","0,94","0,69","0,59","0,41"
Seabra/BA,MORRO REDONDO,"5059,64877","28,61917754","0,58","0,59","0,19","0,33","0,31","0,7","0,94","0,69","0,59","0,41"
Senhor do Bonfim/BA,TIJUA?U,"8533,01939","50,70052811","0,63","0,63","0,48","0,48","0,31","0,4","0,77","0,61","0,74","0,78"
Serra do Ramalho/BA,ARACA/CARIACA/ PATO/ PEDRAS/RETIRO,"18950,44218","0,211406803","0,5","0,76","0,22","0,33","0,31","0,69","0,84","0,73","0,13","0,05"
Sim?es Filho/BA,PITANGA DE PALMARES,"22,73614","0,067325576","0,42","0,39","0,77","0,45","0,31","0,48","0,73","0,71","0,69","0,78"
Sim?es Filho/BA,DANDA,"347,93194","3,479294754","0,42","0,39","0,77","0,45","0,31","0,48","0,73","0,71","0,69","0,78"
Sim?es Filho/BA,PITANGA DE PALMARES,"5,20509","0,051945813","0,42","0,39","0,77","0,45","0,31","0,48","0,73","0,71","0,69","0,78"
Sim?es Filho/BA,PITANGA DE PALMARES,"826,91761","7,835326646","0,42","0,39","0,77","0,45","0,31","0,48","0,73","0,71","0,69","0,78"
Sim?es Filho/BA,RIO DOS MACACOS,"104,26342","0,901383659","0,42","0,39","0,77","0,45","0,31","0,48","0,73","0,71","0,69","0,78"
S?tio do Mato/BA,MANGAL E BARRO VERMELHO,"9041,9412","90,27506185","0,6","0,68","0,14","0,33","0,31","0,67","0,84","0,66","0,37","0,31"
S?tio do Mato/BA,FAZENDA JATOBA,"14493,96871","16,13087143","0,6","0,68","0,14","0,33","0,31","0,67","0,84","0,66","0,37","0,31"
S?tio do Mato/BA,LAGOA DAS PIRANHAS,"9953,08872","0,931818388","0,6","0,68","0,14","0,33","0,31","0,67","0,84","0,66","0,37","0,31"
Tanque Novo/BA,SAMBA?BA,"2509,87597","0,637150018","0,73","0,77","0,38","0,35","0,31","0,3","0,79","0,52","0,3","0,24"
Wanderley/BA,RIACHO DA SACUTIABA E SACUTIABA,"12291,24544","122,3785265","0,39","0,58","0,3","0,3","0,31","0,68","0,77","0,65","0,43","0,38"
Xique-Xique/BA,VICENTES,"356,22498","3,56222152","0,58","0,71","0,09","0,31","0,31","0,34","0,8","0,45","0,72","0,6"
Cavalcante/GO,KALUNGA,"261829,63356","1803,890187","0,69","0,46","0,23","0,34","0,35","0,41","0,74",0,"0,48","0,39"
Cavalcante/GO,KALUNGA DO MIMOSO,"57412,03067","3,73843581","0,69","0,46","0,23","0,34","0,35","0,41","0,74",0,"0,48","0,39"
Monte Alegre de Goi?s/GO,KALUNGA,"261829,63356","419,7092407","0,47","0,47","0,11","0,37","0,35","0,41","0,71","0,58","0,56","0,66"
Monte Alegre de Goi?s/GO,KALUNGA DO MIMOSO,"57412,03067","1,506164077","0,47","0,47","0,11","0,37","0,35","0,41","0,71","0,58","0,56","0,66"
Monte Alegre de Goi?s/GO,FAMILIA MAGALHAES,"5490,17847","1,506385117","0,47","0,47","0,11","0,37","0,35","0,41","0,71","0,58","0,56","0,66"
Nova Roma/GO,KALUNGA,"261829,63356","3,111084051","0,41","0,55","0,13","0,35","0,35","0,31","0,56","0,48","0,27","0,22"
Nova Roma/GO,FAMILIA MAGALHAES,"5490,17847","53,39508429","0,41","0,55","0,13","0,35","0,35","0,31","0,56","0,48","0,27","0,22"
Teresina de Goi?s/GO,KALUNGA,"261829,63356","380,0719706","0,55","0,34","0,12","0,35","0,35","0,64","0,75","0,4","0,42","0,36"
Campos Novos/SC,INVERNADA DOS NEGROS,"7959,23204","57,11182242",0,"0,03",0,"0,4","0,38","0,27","0,4","0,32","0,38","0,55"
Caetit?/BA,SAMBA?BA,"2509,87597","9,26293774","0,63","0,63","0,13","0,31","0,31","0,69","0,91","0,66","0,62","0,43"
Carinhanha/BA,PARATECA E PAU DARCO,"41604,96648","2,77724385","0,25","0,65","0,29","0,33","0,31","0,77","0,86","0,69","0,43","0,31"
Carinhanha/BA,BARRA DO PARATECA,"8098,95912","80,92507345","0,25","0,65","0,29","0,33","0,31","0,77","0,86","0,69","0,43","0,31"
Itacar?/BA,FOJO,"1371,32013","13,71310523","0,45","0,33","0,54","0,37","0,31","0,51","0,79","0,57","0,69","0,68"
Malhada/BA,NOVA BATALHINHA,"7559,54738","34,99354358","0,49","0,8","0,23","0,31","0,31","0,66","0,76","0,63","0,6","0,49"
Malhada/BA,PARATECA E PAU DARCO,"41604,96648","411,5065165","0,49","0,8","0,23","0,31","0,31","0,66","0,76","0,63","0,6","0,49"
Malhada/BA,BARRA DO PARATECA,"8098,95912","0,063884425","0,49","0,8","0,23","0,31","0,31","0,66","0,76","0,63","0,6","0,49"
Palmas de Monte Alto/BA,PARATECA E PAU DARCO,"41604,96648","0,04114753","0,46","0,67","0,15","0,31","0,31","0,66","0,8","0,67","0,42","0,36"
Posse/GO,BACO PARI,"3148,00988","31,47984478","0,34","0,73","0,38","0,38","0,35","0,35","0,58","0,56","0,44","0,31"
Gurup?/PA,"GURUPA MIRIM, JOCOJO, FLEXINHA, CARRAZEDO","85151,36139","844,2980019","0,41","0,31","0,23","0,5","0,35","0,98","0,76","0,1","0,91","0,79"
Melga?o/PA,"GURUPA MIRIM, JOCOJO, FLEXINHA, CARRAZEDO","85151,36139","2,567289598","0,44","0,4","0,39","0,51","0,35","0,99","0,88","0,29","0,93","0,88"
Cal?oene/AP,CUNANI,"36373,15164","363,7111227","0,48",0,"0,2","0,48","0,35","0,78","0,14","0,02","0,68","0,6"
Macap?/AP,MEL DA PEDREIRA,"2632,25314","26,32239663","0,61","0,61","0,47","0,61","0,35","0,99","0,81","0,87","0,75","0,65"
Macap?/AP,S?O JOS? DO MATA FOME,"1658,88036","16,58848967","0,61","0,61","0,47","0,61","0,35","0,99","0,81","0,87","0,75","0,65"
Macap?/AP,CURIAU,"3116,69837","31,16675458","0,61","0,61","0,47","0,61","0,35","0,99","0,81","0,87","0,75","0,65"
Macap?/AP,CONCEICAO DO MACACOARI,"9406,65993","91,08154814","0,61","0,61","0,47","0,61","0,35","0,99","0,81","0,87","0,75","0,65"
Macap?/AP,SAO RAIMUNDO DA PIRATIVA,"23,48823","0,049009203","0,61","0,61","0,47","0,61","0,35","0,99","0,81","0,87","0,75","0,65"
Macap?/AP,ROSA,"4751,80772","47,51722613","0,61","0,61","0,47","0,61","0,35","0,99","0,81","0,87","0,75","0,65"
Santana/AP,SAO RAIMUNDO DA PIRATIVA,"23,48823","0,185875851","0,6","0,59","0,41","0,62","0,35","0,64","0,14","0,66","0,95","0,76"
Gua?ra/PR,MANOEL CIRIACO,"24,23634","0,242362355","0,36","0,17","0,07","0,43","0,38","0,58","0,64","0,69","0,43","0,34"
Reserva do Igua?u/PR,INVERNADA PAIOL DE TELHA,"2960,74077","28,93132166",0,"0,11","0,35","0,35","0,38","0,33","0,23",0,"0,41","0,49"
Adrian?polis/PR,JO?O SUR?,"6419,12497","62,84725996",0,"0,02","0,19","0,33","0,38","0,58","0,55",0,"0,38","0,35"
Adrian?polis/PR,PORTO VELHO,"957,86864","0,644151656",0,"0,02","0,19","0,33","0,38","0,58","0,55",0,"0,38","0,35"
Adrian?polis/PR,S?O JO?O,"2654,74163","25,65983305",0,"0,02","0,19","0,33","0,38","0,58","0,55",0,"0,38","0,35"
Cerro Azul/PR,MAM?S - ?rea 01 (Barra Linda),"119,76098","1,19760143",0,0,"0,25","0,38","0,38","0,36","0,6","0,38","0,46","0,43"
Cerro Azul/PR,MAM?S - ?rea 02 (Ribeir?o do Meio),"215,06007","2,150585614",0,0,"0,25","0,38","0,38","0,36","0,6","0,38","0,46","0,43"
Curi?va/PR,?GUA MORNA,"1185,03114","11,41096154","0,3","0,3","0,4","0,4","0,38","0,32","0,63","0,51","0,66","0,64"
Seng?s/PR,VARZE?O,"7264,02598","2,885747371","0,03","0,06","0,32","0,36","0,38","0,58","0,78","0,63","0,59","0,58"
Tel?maco Borba/PR,?GUA MORNA,"1185,03114","0,439264155","0,34","0,31","0,13","0,38","0,38","0,33","0,46","0,37","0,58","0,51"
Doutor Ulysses/PR,VARZE?O,"7264,02598","69,13192595",0,0,"0,34","0,37","0,38","0,65","0,79","0,6","0,18","0,15"
Pinh?o/PR,INVERNADA PAIOL DE TELHA,"2960,74077","0,675875341","0,07","0,2","0,28","0,32","0,38","0,32","0,47","0,3","0,36","0,33"
Barcelos/AM,TAMBOR,"719781,29282","863,1784055","0,58","0,5","0,27","0,46","0,35","0,5","0,16","0,35","0,69","0,53"
Barreirinha/AM,RIO ANDIR? (Parte 02),"4369,23593","43,6920494","0,35","0,37","0,27","0,48","0,35","0,93","0,1","0,08","0,77","0,61"
Barreirinha/AM,RIO ANDIR? (Parte 01),"23528,81789","231,5352566","0,35","0,37","0,27","0,48","0,35","0,93","0,1","0,08","0,77","0,61"
Codaj?s/AM,TAMBOR,"719781,29282","13,94587213","0,52","0,39","0,3","0,46","0,35","0,95","0,16","0,22",1,"0,94"
Novo Air?o/AM,TAMBOR,"719781,29282","6320,60434","0,54","0,43","0,18","0,46","0,35","0,47","0,09","0,02","0,64","0,52"
Parintins/AM,RIO ANDIR? (Parte 01),"23528,81789","3,749808127","0,31","0,29","0,1","0,5","0,35","0,89","0,04","0,03","0,92","0,76"
Alta Floresta D'Oeste/RO,PEDRAS NEGRAS,"43946,54697","203,096312","0,22","0,58","0,23","0,4","0,35","0,82","0,12",0,"0,54","0,4"
Costa Marques/RO,SANTA F?,"1453,52501","13,70688503","0,45","0,57","0,22","0,41","0,35","0,95","0,82","0,62","0,5","0,38"
S?o Miguel do Guapor?/RO,QUILOMBOLA DE JESUS,"5970,97631","10,65383398","0,28","0,49","0,14","0,4","0,35","0,44","0,2","0,05","0,49","0,35"
S?o Francisco do Guapor?/RO,PEDRAS NEGRAS,"43946,54697","230,1554877","0,32","0,48","0,11","0,4","0,35","0,79","0,11",0,"0,49","0,34"
S?o Francisco do Guapor?/RO,QUILOMBOLA DE JESUS,"5970,97631","1,925440303","0,32","0,48","0,11","0,4","0,35","0,79","0,11",0,"0,49","0,34"
S?o Francisco do Guapor?/RO,SANTO ANT?NIO DO GUAPOR?,"6958,31752","67,71018727","0,32","0,48","0,11","0,4","0,35","0,79","0,11",0,"0,49","0,34"
Seringueiras/RO,QUILOMBOLA DE JESUS,"5970,97631","47,13005026","0,34","0,59","0,16","0,41","0,35","0,5","0,72","0,57","0,48","0,33"
